<additional>
  <parkingAreaReroute id="fakeparking_0" probability="0" district="0" visible="true" />
  
  
  
  <parkingAreaReroute id="parkingArea_87376666#0_0_289" probability="0.5" district="0" visible="false" />
  <parkingAreaReroute id="parkingArea_206662304#13_0_290" probability="0.5" district="0" visible="false" />
  <parkingAreaReroute id="parkingArea_-87297164#4_0_288" probability="0.5" district="0" visible="false" />
  
  <parkingAreaReroute id="parkingArea_27397934#0_0_48" probability="0.5" district="44" visible="false" />
  <parkingAreaReroute id="parkingArea_160325575#0_0_47" probability="0.5" district="44" visible="false" />
  <parkingAreaReroute id="parkingArea_120256351_0_49" probability="0.5" district="44" visible="false" />
  <parkingAreaReroute id="parkingArea_120256350#0_0_51" probability="0.5" district="44" visible="false" />
  <parkingAreaReroute id="parkingArea_-27571801_0_50" probability="0.5" district="44" visible="false" />
  <parkingAreaReroute id="fakeparking_44" probability="0" district="44" visible="true" />
  <parkingAreaReroute id="parkingArea_287958607#2_0_249" probability="0.5" district="43" visible="false" />
  <parkingAreaReroute id="parkingArea_287958606#0_0_353" probability="0.5" district="43" visible="false" />
  <parkingAreaReroute id="parkingArea_27054213#6_0_357" probability="0.5" district="43" visible="false" />
  <parkingAreaReroute id="parkingArea_27054213#2_0_244" probability="0.5" district="43" visible="false" />
  <parkingAreaReroute id="parkingArea_254756525#3_0_352" probability="0.5" district="43" visible="false" />
  <parkingAreaReroute id="parkingArea_-287958606#1_0_355" probability="0.5" district="43" visible="false" />
  <parkingAreaReroute id="parkingArea_-254466686#4_0_245" probability="0.5" district="43" visible="false" />
  <parkingAreaReroute id="parkingArea_-254396719#1_0_246" probability="0.5" district="43" visible="false" />
  <parkingAreaReroute id="fakeparking_43" probability="0" district="43" visible="true" />
  <parkingAreaReroute id="parkingArea_91181771#16_0_137" probability="0.5" district="42" visible="false" />
  <parkingAreaReroute id="parkingArea_283534317#5_0_128" probability="0.5" district="42" visible="false" />
  <parkingAreaReroute id="parkingArea_25657409#19_0_127" probability="0.5" district="42" visible="false" />
  <parkingAreaReroute id="parkingArea_255168047#0_0_112" probability="0.5" district="42" visible="false" />
  <parkingAreaReroute id="parkingArea_214545530#4_0_141" probability="0.5" district="42" visible="false" />
  <parkingAreaReroute id="parkingArea_214545530#0_0_139" probability="0.5" district="42" visible="false" />
  <parkingAreaReroute id="parkingArea_-8920242#0_0_115" probability="0.5" district="42" visible="false" />
  <parkingAreaReroute id="fakeparking_42" probability="0" district="42" visible="true" />







 
  
  
 
  

 
 
 
 
  

  
  
  
  
  
 

 
  
  
  




 
  
 

</additional>