<additional>
  <parkingArea id="fakeparking_0" edge="-206662304#10" district="9" />
  <parkingArea id="fakeparking_9" edge="-133376120#0" district="9" />
  <parkingArea id="parkingArea_99231482_0_58" edge="99231482" district="8" />
  <parkingArea id="parkingArea_99231460_0_88" edge="99231460" district="8" />
  <parkingArea id="parkingArea_91181771#0_0_77" edge="91181771#0" district="8" />
  <parkingArea id="parkingArea_91181770#0_0_81" edge="91181770#0" district="8" />
  <parkingArea id="parkingArea_8922307_0_62" edge="8922307" district="8" />
  <parkingArea id="parkingArea_8919328#1_0_104" edge="8919328#1" district="8" />
  <parkingArea id="parkingArea_8918460#0_0_56" edge="8918460#0" district="8" />
  <parkingArea id="parkingArea_88559702#2_0_105" edge="88559702#2" district="8" />
  <parkingArea id="parkingArea_88559702#1_0_106" edge="88559702#1" district="8" />
  <parkingArea id="parkingArea_88559691#4_0_101" edge="88559691#4" district="8" />
  <parkingArea id="parkingArea_88466055#0_0_43" edge="88466055#0" district="8" />
  <parkingArea id="parkingArea_88463829#0_0_44" edge="88463829#0" district="8" />
  <parkingArea id="parkingArea_47172745_0_65" edge="47172745" district="8" />
  <parkingArea id="parkingArea_35675861#0_0_89" edge="35675861#0" district="8" />
  <parkingArea id="parkingArea_27397919_0_66" edge="27397919" district="8" />
  <parkingArea id="parkingArea_27397692_0_57" edge="27397692" district="8" />
  <parkingArea id="parkingArea_254299142#3_0_103" edge="254299142#3" district="8" />
  <parkingArea id="parkingArea_225518512#0_0_107" edge="225518512#0" district="8" />
  <parkingArea id="parkingArea_225518502#3_0_85" edge="225518502#3" district="8" />
  <parkingArea id="parkingArea_225518502#0_0_84" edge="225518502#0" district="8" />
  <parkingArea id="parkingArea_120256350#8_0_45" edge="120256350#8" district="8" />
  <parkingArea id="parkingArea_120256350#3_0_52" edge="120256350#3" district="8" />
  <parkingArea id="parkingArea_111319423_0_83" edge="111319423" district="8" />
  <parkingArea id="parkingArea_111049100#0_0_64" edge="111049100#0" district="8" />
  <parkingArea id="parkingArea_-p4#0_0_102" edge="-p4#0" district="8" />
  <parkingArea id="parkingArea_-8922307_0_63" edge="-8922307" district="8" />
  <parkingArea id="parkingArea_-8916922#4_0_52" edge="-8916922#4" district="8" />
  <parkingArea id="parkingArea_-88559691#6_0_82" edge="-88559691#6" district="8" />
  <parkingArea id="parkingArea_-225518512#1_0_109" edge="-225518512#1" district="8" />
  <parkingArea id="parkingArea_-225432462#1_0_61" edge="-225432462#1" district="8" />
  <parkingArea id="fakeparking_8" edge="-202485361#1" district="8" />
  <parkingArea id="parkingArea_28841122#0_0_268" edge="28841122#0" district="7" />
  <parkingArea id="parkingArea_28841120#0_0_272" edge="28841120#0" district="7" />
  <parkingArea id="parkingArea_28841117#0_0_271" edge="28841117#0" district="7" />
  <parkingArea id="parkingArea_254297759#0_0_262" edge="254297759#0" district="7" />
  <parkingArea id="parkingArea_224316520#0_0_356" edge="224316520#0" district="7" />
  <parkingArea id="parkingArea_144489134#3_0_270" edge="144489134#3" district="7" />
  <parkingArea id="parkingArea_-p1#1_0_330" edge="-p1#1" district="7" />
  <parkingArea id="parkingArea_-228201785#0_0_110" edge="-228201785#0" district="7" />
  <parkingArea id="parkingArea_-111586254#3_0_269" edge="-111586254#3" district="7" />
  <parkingArea id="fakeparking_5" edge="-84654238#3" district="7" />
  <parkingArea id="fakeparking_7" edge="-111586254#3" district="7" />
  <parkingArea id="fakeparking_27" edge="-24588081" district="7" />
  <parkingArea id="parkingArea_88572905_0_78" edge="88572905" district="6" />
  <parkingArea id="parkingArea_88572877#0_0_74" edge="88572877#0" district="6" />
  <parkingArea id="parkingArea_-88572877#6_0_76" edge="-88572877#6" district="6" />
  <parkingArea id="parkingArea_-88559691#3_0_75" edge="-88559691#3" district="6" />
  <parkingArea id="parkingArea_-224384018_0_73" edge="-224384018" district="6" />
  <parkingArea id="fakeparking_6" edge="-204884378#1" district="6" />
  <parkingArea id="parkingArea_26938124#12_0_298" edge="26938124#12" district="5" />
  <parkingArea id="parkingArea_254758126#4_0_301" edge="254758126#4" district="5" />
  <parkingArea id="parkingArea_254758124#0_0_300" edge="254758124#0" district="5" />
  <parkingArea id="parkingArea_254758114#0_0_299" edge="254758114#0" district="5" />
  <parkingArea id="parkingArea_254297763#0_0_297" edge="254297763#0" district="5" />
  <parkingArea id="parkingArea_254297761#0_0_303" edge="254297761#0" district="5" />
  <parkingArea id="fakeparking_5" edge="-84654238#3" district="5" />
  <parkingArea id="parkingArea_27397934#0_0_48" edge="27397934#0" district="44" />
  <parkingArea id="parkingArea_160325575#0_0_47" edge="160325575#0" district="44" />
  <parkingArea id="parkingArea_120256351_0_49" edge="120256351" district="44" />
  <parkingArea id="parkingArea_120256350#0_0_51" edge="120256350#0" district="44" />
  <parkingArea id="parkingArea_-27571801_0_50" edge="-27571801" district="44" />
  <parkingArea id="fakeparking_44" edge="-120256349" district="44" />
  <parkingArea id="parkingArea_287958607#2_0_249" edge="287958607#2" district="41" />
  <parkingArea id="parkingArea_287958606#0_0_353" edge="287958606#0" district="41" />
  <parkingArea id="parkingArea_27054213#6_0_357" edge="27054213#6" district="41" />
  <parkingArea id="parkingArea_27054213#2_0_244" edge="27054213#2" district="41" />
  <parkingArea id="parkingArea_254756525#3_0_352" edge="254756525#3" district="41" />
  <parkingArea id="parkingArea_-287958606#1_0_355" edge="-287958606#1" district="41" />
  <parkingArea id="parkingArea_-254466686#4_0_245" edge="-254466686#4" district="41" />
  <parkingArea id="parkingArea_-254396719#1_0_246" edge="-254396719#1" district="41" />
  <parkingArea id="fakeparking_43" edge="-224316527" district="41" />
  <parkingArea id="parkingArea_91181771#16_0_137" edge="91181771#16" district="42" />
  <parkingArea id="parkingArea_283534317#5_0_128" edge="283534317#5" district="42" />
  <parkingArea id="parkingArea_25657409#19_0_127" edge="25657409#19" district="42" />
  <parkingArea id="parkingArea_255168047#0_0_112" edge="255168047#0" district="42" />
  <parkingArea id="parkingArea_254299142#3_0_103" edge="254299142#3" district="42" />
  <parkingArea id="parkingArea_214545530#4_0_141" edge="214545530#4" district="42" />
  <parkingArea id="parkingArea_214545530#0_0_139" edge="214545530#0" district="42" />
  <parkingArea id="parkingArea_-8920242#0_0_115" edge="-8920242#0" district="42" />
  <parkingArea id="fakeparking_42" edge="-121785555" district="42" />
  <parkingArea id="parkingArea_329596844#1_0_355" edge="329596844#1" district="41" />
  <parkingArea id="parkingArea_224316521#1_0_356" edge="224316521#1" district="41" />
  <parkingArea id="fakeparking_41" edge="-287958606#3" district="41" />
  <parkingArea id="parkingArea_90077241_0_41" edge="90077241" district="40" />
  <parkingArea id="parkingArea_88559650_0_90" edge="88559650" district="40" />
  <parkingArea id="parkingArea_27397927_0_42" edge="27397927" district="40" />
  <parkingArea id="parkingArea_255330036#7_0_96" edge="255330036#7" district="40" />
  <parkingArea id="parkingArea_255330036#13_0_94" edge="255330036#13" district="40" />
  <parkingArea id="parkingArea_255330036#10_0_92" edge="255330036#10" district="40" />
  <parkingArea id="parkingArea_133735130#0_0_120" edge="133735130#0" district="40" />
  <parkingArea id="parkingArea_123741454#2_0_109" edge="123741454#2" district="40" />
  <parkingArea id="parkingArea_111550911#2_0_97" edge="111550911#2" district="40" />
  <parkingArea id="parkingArea_-283537644#1_0_86" edge="-283537644#1" district="40" />
  <parkingArea id="parkingArea_-283537552#1_0_87" edge="-283537552#1" district="40" />
  <parkingArea id="parkingArea_-255330036#12_0_93" edge="-255330036#12" district="40" />
  <parkingArea id="parkingArea_-255330036#11_0_91" edge="-255330036#11" district="40" />
  <parkingArea id="parkingArea_-174822357#1_0_95" edge="-174822357#1" district="40" />
  <parkingArea id="fakeparking_40" edge="-174822357#0" district="40" />
  <parkingArea id="parkingArea_8919179#0_0_356" edge="8919179#0" district="19" />
  <parkingArea id="parkingArea_359898157#0_0_206" edge="359898157#0" district="19" />
  <parkingArea id="parkingArea_283516316#6_0_223" edge="283516316#6" district="19" />
  <parkingArea id="parkingArea_28319343#0_0_240" edge="28319343#0" district="19" />
  <parkingArea id="parkingArea_28231602#2_0_214" edge="28231602#2" district="19" />
  <parkingArea id="parkingArea_27398048#2_0_237" edge="27398048#2" district="19" />
  <parkingArea id="parkingArea_160325575#0_0_47" edge="160325575#0" district="19" />
  <parkingArea id="fakeparking_4" edge="-27397715" district="19" />
  <parkingArea id="parkingArea_87376660#1_0_274" edge="87376660#1" district="39" />
  <parkingArea id="parkingArea_28805009#4_0_277" edge="28805009#4" district="39" />
  <parkingArea id="parkingArea_24335487#2_0_281" edge="24335487#2" district="39" />
  <parkingArea id="parkingArea_24335487#1_0_278" edge="24335487#1" district="39" />
  <parkingArea id="parkingArea_148846996#1_0_282" edge="148846996#1" district="39" />
  <parkingArea id="parkingArea_148846995_0_284" edge="148846995" district="39" />
  <parkingArea id="parkingArea_-30030283#0_0_279" edge="-30030283#0" district="39" />
  <parkingArea id="parkingArea_-28841114#2_0_280" edge="-28841114#2" district="39" />
  <parkingArea id="parkingArea_-28805009#4_0_276" edge="-28805009#4" district="39" />
  <parkingArea id="parkingArea_-148846997#1_0_283" edge="-148846997#1" district="39" />
  <parkingArea id="fakeparking_39" edge="-133376113#0" district="39" />
  <parkingArea id="parkingArea_8922164#2_0_318" edge="8922164#2" district="38" />
  <parkingArea id="parkingArea_8922164#1_0_320" edge="8922164#1" district="38" />
  <parkingArea id="parkingArea_277480563#2_0_319" edge="277480563#2" district="38" />
  <parkingArea id="parkingArea_277480424#4_0_322" edge="277480424#4" district="38" />
  <parkingArea id="parkingArea_26938124#2_0_321" edge="26938124#2" district="38" />
  <parkingArea id="parkingArea_254759927#0_0_317" edge="254759927#0" district="38" />
  <parkingArea id="parkingArea_254448250_0_323" edge="254448250" district="38" />
  <parkingArea id="fakeparking_38" edge="-263855294#0" district="38" />
  <parkingArea id="parkingArea_254756525#25_0_354" edge="254756525#25" district="37" />
  <parkingArea id="parkingArea_100400947#7_0_311" edge="100400947#7" district="37" />
  <parkingArea id="parkingArea_-144346316#5_0_340" edge="-144346316#5" district="37" />
  <parkingArea id="parkingArea_-144346316#4_0_339" edge="-144346316#4" district="37" />
  <parkingArea id="fakeparking_37" edge="-144346316#2" district="37" />
  <parkingArea id="parkingArea_88597577#0_0_72" edge="88597577#0" district="36" />
  <parkingArea id="parkingArea_88572965#0_0_102" edge="88572965#0" district="36" />
  <parkingArea id="parkingArea_225806056_0_125" edge="225806056" district="36" />
  <parkingArea id="parkingArea_111560679#0_0_111" edge="111560679#0" district="36" />
  <parkingArea id="parkingArea_111552058#0_0_101" edge="111552058#0" district="36" />
  <parkingArea id="parkingArea_-88559691#3_0_75" edge="-88559691#3" district="36" />
  <parkingArea id="parkingArea_-228201785#0_0_110" edge="-228201785#0" district="36" />
  <parkingArea id="fakeparking_36" edge="-204884387#2" district="36" />
  <parkingArea id="parkingArea_91181771#26_0_181" edge="91181771#26" district="35" />
  <parkingArea id="parkingArea_91181771#24_0_173" edge="91181771#24" district="35" />
  <parkingArea id="parkingArea_8919948_0_189" edge="8919948" district="35" />
  <parkingArea id="parkingArea_27029265#1_0_195" edge="27029265#1" district="35" />
  <parkingArea id="parkingArea_264874017#0_0_152" edge="264874017#0" district="35" />
  <parkingArea id="parkingArea_256787755#3_0_189" edge="256787755#3" district="35" />
  <parkingArea id="parkingArea_25657409#7_0_171" edge="25657409#7" district="35" />
  <parkingArea id="parkingArea_157812260#9_0_172" edge="157812260#9" district="35" />
  <parkingArea id="parkingArea_157812260#10_0_172" edge="157812260#10" district="35" />
  <parkingArea id="parkingArea_111050389#6_0_170" edge="111050389#6" district="35" />
  <parkingArea id="parkingArea_-264874017#4_0_140" edge="-264874017#4" district="35" />
  <parkingArea id="parkingArea_-111560681#2_0_153" edge="-111560681#2" district="35" />
  <parkingArea id="fakeparking_35" edge="-111049101" district="35" />
  <parkingArea id="parkingArea_99231475_0_55" edge="99231475" district="34" />
  <parkingArea id="parkingArea_88597563#0_0_59" edge="88597563#0" district="34" />
  <parkingArea id="parkingArea_88572970_0_68" edge="88572970" district="34" />
  <parkingArea id="parkingArea_225432462#0_0_60" edge="225432462#0" district="34" />
  <parkingArea id="parkingArea_224373753_0_53" edge="224373753" district="34" />
  <parkingArea id="parkingArea_224373751_0_54" edge="224373751" district="34" />
  <parkingArea id="parkingArea_202317711_0_70" edge="202317711" district="34" />
  <parkingArea id="parkingArea_-88572970_0_67" edge="-88572970" district="34" />
  <parkingArea id="parkingArea_-228186482#1_0_69" edge="-228186482#1" district="34" />
  <parkingArea id="fakeparking_34" edge="-111560682" district="34" />
  <parkingArea id="parkingArea_31129732#0_0_117" edge="31129732#0" district="33" />
  <parkingArea id="parkingArea_25758528#1_0_113" edge="25758528#1" district="33" />
  <parkingArea id="parkingArea_25758528#0_0_114" edge="25758528#0" district="33" />
  <parkingArea id="parkingArea_255330069#1_0_134" edge="255330069#1" district="33" />
  <parkingArea id="parkingArea_255330069#0_0_132" edge="255330069#0" district="33" />
  <parkingArea id="parkingArea_255330036#3_0_122" edge="255330036#3" district="33" />
  <parkingArea id="parkingArea_254308548#0_0_142" edge="254308548#0" district="33" />
  <parkingArea id="parkingArea_254299142#2_0_116" edge="254299142#2" district="33" />
  <parkingArea id="parkingArea_186400365_0_129" edge="186400365" district="33" />
  <parkingArea id="parkingArea_143617593_0_143" edge="143617593" district="33" />
  <parkingArea id="parkingArea_143617589#2_0_121" edge="143617589#2" district="33" />
  <parkingArea id="parkingArea_133735130#4_0_118" edge="133735130#4" district="33" />
  <parkingArea id="parkingArea_133735130#0_0_120" edge="133735130#0" district="33" />
  <parkingArea id="parkingArea_123741454#2_0_109" edge="123741454#2" district="33" />
  <parkingArea id="parkingArea_-7373736#1_0_131" edge="-7373736#1" district="33" />
  <parkingArea id="parkingArea_-255330036#3_0_119" edge="-255330036#3" district="33" />
  <parkingArea id="parkingArea_-254308553_0_144" edge="-254308553" district="33" />
  <parkingArea id="parkingArea_-143617587_0_133" edge="-143617587" district="33" />
  <parkingArea id="parkingArea_-141688972#2_0_130" edge="-141688972#2" district="33" />
  <parkingArea id="parkingArea_-141688972#1_0_145" edge="-141688972#1" district="33" />
  <parkingArea id="fakeparking_33" edge="-141688972#0" district="33" />
  <parkingArea id="parkingArea_254306572#0_0_247" edge="254306572#0" district="32" />
  <parkingArea id="parkingArea_224316522#0_0_265" edge="224316522#0" district="32" />
  <parkingArea id="parkingArea_224316514#0_0_261" edge="224316514#0" district="32" />
  <parkingArea id="parkingArea_133733593#1_0_357" edge="133733593#1" district="32" />
  <parkingArea id="parkingArea_-8920734_0_356" edge="-8920734" district="32" />
  <parkingArea id="fakeparking_32" edge="-8920734" district="32" />
  <parkingArea id="parkingArea_88572941_0_149" edge="88572941" district="31" />
  <parkingArea id="parkingArea_88572932#2_0_135" edge="88572932#2" district="31" />
  <parkingArea id="parkingArea_88572895#0_0_138" edge="88572895#0" district="31" />
  <parkingArea id="parkingArea_157812260#11_0_151" edge="157812260#11" district="31" />
  <parkingArea id="parkingArea_-p2#3_0_126" edge="-p2#3" district="31" />
  <parkingArea id="parkingArea_-88572941_0_150" edge="-88572941" district="31" />
  <parkingArea id="parkingArea_-88572932#2_0_136" edge="-88572932#2" district="31" />
  <parkingArea id="fakeparking_31" edge="-111547662#2" district="31" />
  <parkingArea id="parkingArea_8922271#0_0_231" edge="8922271#0" district="30" />
  <parkingArea id="parkingArea_8922024#5_0_225" edge="8922024#5" district="30" />
  <parkingArea id="parkingArea_8916563#2_0_220" edge="8916563#2" district="30" />
  <parkingArea id="parkingArea_88142690#2_0_39" edge="88142690#2" district="30" />
  <parkingArea id="parkingArea_88142687#1_0_40" edge="88142687#1" district="30" />
  <parkingArea id="parkingArea_48211230#0_0_213" edge="48211230#0" district="30" />
  <parkingArea id="parkingArea_37126390#2_0_38" edge="37126390#2" district="30" />
  <parkingArea id="parkingArea_359898623#0_0_226" edge="359898623#0" district="30" />
  <parkingArea id="parkingArea_359898620#6_0_230" edge="359898620#6" district="30" />
  <parkingArea id="parkingArea_359898620#3_0_229" edge="359898620#3" district="30" />
  <parkingArea id="parkingArea_359898620#3_0_227" edge="359898620#3" district="30" />
  <parkingArea id="parkingArea_359898620#0_0_228" edge="359898620#0" district="30" />
  <parkingArea id="parkingArea_283516316#6_0_223" edge="283516316#6" district="30" />
  <parkingArea id="parkingArea_224384010#1_0_218" edge="224384010#1" district="30" />
  <parkingArea id="parkingArea_-8922024#5_0_224" edge="-8922024#5" district="30" />
  <parkingArea id="parkingArea_-8916563#4_0_219" edge="-8916563#4" district="30" />
  <parkingArea id="parkingArea_-8916563#1_0_222" edge="-8916563#1" district="30" />
  <parkingArea id="parkingArea_-28231602#5_0_221" edge="-28231602#5" district="30" />
  <parkingArea id="fakeparking_30" edge="-224384010#1" district="30" />
  <parkingArea id="parkingArea_30030485#0_0_287" edge="30030485#0" district="3" />
  <parkingArea id="parkingArea_30030485#0_0_286" edge="30030485#0" district="3" />
  <parkingArea id="parkingArea_30029708#1_0_36" edge="30029708#1" district="3" />
  <parkingArea id="parkingArea_148846998#0_0_285" edge="148846998#0" district="3" />
  <parkingArea id="parkingArea_-23924510#0_0_37" edge="-23924510#0" district="3" />
  <parkingArea id="fakeparking_3" edge="-143666209#6" district="3" />
  <parkingArea id="parkingArea_gneE12_0_344" edge="gneE12" district="29" />
  <parkingArea id="parkingArea_86303763#2_0_336" edge="86303763#2" district="29" />
  <parkingArea id="parkingArea_84734271#7_0_335" edge="84734271#7" district="29" />
  <parkingArea id="parkingArea_84734271#6_0_309" edge="84734271#6" district="29" />
  <parkingArea id="fakeparking_29" edge="144489137#0" district="29" />
  <parkingArea id="parkingArea_91182062#0_0_253" edge="91182062#0" district="19" />
  <parkingArea id="parkingArea_91181772#0_0_205" edge="91181772#0" district="19" />
  <parkingArea id="parkingArea_8922229_0_357" edge="8922229" district="19" />
  <parkingArea id="parkingArea_8919205#17_0_207" edge="8919205#17" district="19" />
  <parkingArea id="parkingArea_27054209#0_0_232" edge="27054209#0" district="19" />
  <parkingArea id="parkingArea_27054205#0_0_250" edge="27054205#0" district="19" />
  <parkingArea id="parkingArea_27054196_0_251" edge="27054196" district="19" />
  <parkingArea id="parkingArea_25372358#0_0_204" edge="25372358#0" district="19" />
  <parkingArea id="parkingArea_24245395#1_0_211" edge="24245395#1" district="19" />
  <parkingArea id="parkingArea_224384028#0_0_212" edge="224384028#0" district="19" />
  <parkingArea id="parkingArea_224384020#2_0_208" edge="224384020#2" district="19" />
  <parkingArea id="parkingArea_-8922640#1_0_252" edge="-8922640#1" district="19" />
  <parkingArea id="parkingArea_-254756526#1_0_233" edge="-254756526#1" district="19" />
  <parkingArea id="fakeparking_28" edge="-254756526#1" district="19" />
  <parkingArea id="parkingArea_86303763#11_0_304" edge="86303763#11" district="27" />
  <parkingArea id="parkingArea_86303763#10_0_306" edge="86303763#10" district="27" />
  <parkingArea id="parkingArea_84734271#5_0_308" edge="84734271#5" district="27" />
  <parkingArea id="parkingArea_84734271#3_0_307" edge="84734271#3" district="27" />
  <parkingArea id="parkingArea_26938124#5_0_326" edge="26938124#5" district="27" />
  <parkingArea id="parkingArea_254758132#0_0_328" edge="254758132#0" district="27" />
  <parkingArea id="parkingArea_254758131#2_0_327" edge="254758131#2" district="27" />
  <parkingArea id="parkingArea_254758128#0_0_329" edge="254758128#0" district="27" />
  <parkingArea id="parkingArea_254758124#6_0_325" edge="254758124#6" district="27" />
  <parkingArea id="parkingArea_254297761#2_0_305" edge="254297761#2" district="27" />
  <parkingArea id="parkingArea_144489137#7_0_324" edge="144489137#7" district="27" />
  <parkingArea id="fakeparking_27" edge="-24588081" district="27" />
  <parkingArea id="parkingArea_30029560#5_0_291" edge="30029560#5" district="9" />
  <parkingArea id="parkingArea_254756525#15_0_292" edge="254756525#15" district="9" />
  <parkingArea id="parkingArea_-27166421#2_0_296" edge="-27166421#2" district="9" />
  <parkingArea id="fakeparking_26" edge="-100400942#0" district="9" />
  <parkingArea id="parkingArea_91185861#1_0_12" edge="91185861#1" district="25" />
  <parkingArea id="parkingArea_91185861#0_0_2" edge="91185861#0" district="25" />
  <parkingArea id="parkingArea_8922271#0_0_231" edge="8922271#0" district="25" />
  <parkingArea id="parkingArea_8921255#1_0_13" edge="8921255#1" district="25" />
  <parkingArea id="parkingArea_8916765#1_0_32" edge="8916765#1" district="25" />
  <parkingArea id="parkingArea_88396403_0_21" edge="88396403" district="25" />
  <parkingArea id="parkingArea_88142686#2_0_31" edge="88142686#2" district="25" />
  <parkingArea id="parkingArea_34128471#0_0_5" edge="34128471#0" district="25" />
  <parkingArea id="parkingArea_30029867#2_0_34" edge="30029867#2" district="25" />
  <parkingArea id="parkingArea_27570802#1_0_20" edge="27570802#1" district="25" />
  <parkingArea id="parkingArea_27400588#0_0_3" edge="27400588#0" district="25" />
  <parkingArea id="parkingArea_255168048#4_0_17" edge="255168048#4" district="25" />
  <parkingArea id="parkingArea_255168048#3_0_15" edge="255168048#3" district="25" />
  <parkingArea id="parkingArea_255168048#0_0_7" edge="255168048#0" district="25" />
  <parkingArea id="parkingArea_254982299_0_25" edge="254982299" district="25" />
  <parkingArea id="parkingArea_254299125_0_8" edge="254299125" district="25" />
  <parkingArea id="parkingArea_254299113#3_0_355" edge="254299113#3" district="25" />
  <parkingArea id="parkingArea_254299113#0_0_10" edge="254299113#0" district="25" />
  <parkingArea id="parkingArea_254299112#2_0_27" edge="254299112#2" district="25" />
  <parkingArea id="parkingArea_254299112#1_0_28" edge="254299112#1" district="25" />
  <parkingArea id="parkingArea_196831123#2_0_29" edge="196831123#2" district="25" />
  <parkingArea id="parkingArea_143666208#0_0_6" edge="143666208#0" district="25" />
  <parkingArea id="parkingArea_143666206_0_5" edge="143666206" district="25" />
  <parkingArea id="parkingArea_-8916765#1_0_33" edge="-8916765#1" district="25" />
  <parkingArea id="parkingArea_-34128712_0_14" edge="-34128712" district="25" />
  <parkingArea id="parkingArea_-30831816#3_0_24" edge="-30831816#3" district="25" />
  <parkingArea id="parkingArea_-30029846#0_0_354" edge="-30029846#0" district="25" />
  <parkingArea id="parkingArea_-30029721#1_0_35" edge="-30029721#1" district="25" />
  <parkingArea id="parkingArea_-255168048#4_0_18" edge="-255168048#4" district="25" />
  <parkingArea id="parkingArea_-255168048#3_0_16" edge="-255168048#3" district="25" />
  <parkingArea id="parkingArea_-255168048#2_0_9" edge="-255168048#2" district="25" />
  <parkingArea id="parkingArea_-254299113#0_0_11" edge="-254299113#0" district="25" />
  <parkingArea id="parkingArea_-148847001#8_0_30" edge="-148847001#8" district="25" />
  <parkingArea id="parkingArea_-148847001#5_0_26" edge="-148847001#5" district="25" />
  <parkingArea id="parkingArea_-143666209#2_0_12" edge="-143666209#2" district="25" />
  <parkingArea id="fakeparking_25" edge="-143666206" district="25" />
  <parkingArea id="parkingArea_8921141#0_0_177" edge="8921141#0" district="24" />
  <parkingArea id="parkingArea_8917959_0_178" edge="8917959" district="24" />
  <parkingArea id="parkingArea_8917791_0_192" edge="8917791" district="24" />
  <parkingArea id="parkingArea_8917500#0_0_193" edge="8917500#0" district="24" />
  <parkingArea id="parkingArea_88572943#1_0_179" edge="88572943#1" district="24" />
  <parkingArea id="parkingArea_88572914#0_0_175" edge="88572914#0" district="24" />
  <parkingArea id="parkingArea_47170567#1_0_194" edge="47170567#1" district="24" />
  <parkingArea id="parkingArea_157812260#11_0_151" edge="157812260#11" district="24" />
  <parkingArea id="parkingArea_-8916930_0_191" edge="-8916930" district="24" />
  <parkingArea id="parkingArea_-88572914#2_0_174" edge="-88572914#2" district="24" />
  <parkingArea id="parkingArea_-88572887#0_0_180" edge="-88572887#0" district="24" />
  <parkingArea id="parkingArea_-88572874#2_0_188" edge="-88572874#2" district="24" />
  <parkingArea id="parkingArea_-225847526_0_176" edge="-225847526" district="24" />
  <parkingArea id="parkingArea_-204963504_0_187" edge="-204963504" district="24" />
  <parkingArea id="fakeparking_24" edge="-204963504" district="24" />
  <parkingArea id="parkingArea_27397539#0_0_295" edge="27397539#0" district="37" />
  <parkingArea id="parkingArea_-91181760#0_0_294" edge="-91181760#0" district="37" />
  <parkingArea id="parkingArea_-100400946_0_293" edge="-100400946" district="37" />
  <parkingArea id="fakeparking_23" edge="-100400941#0" district="37" />
  <parkingArea id="fakeparking_26" edge="-100400942#0" district="37" />
  <parkingArea id="parkingArea_84823308_0_164" edge="84823308" district="22" />
  <parkingArea id="parkingArea_23883761_0_165" edge="23883761" district="22" />
  <parkingArea id="parkingArea_-84823308_0_162" edge="-84823308" district="22" />
  <parkingArea id="parkingArea_-28518571#0_0_166" edge="-28518571#0" district="22" />
  <parkingArea id="parkingArea_-27167281#1_0_163" edge="-27167281#1" district="22" />
  <parkingArea id="fakeparking_22" edge="-23883760" district="22" />
  <parkingArea id="parkingArea_224316521#3_0_354" edge="224316521#3" district="9" />
  <parkingArea id="fakeparking_21" edge="224316521#3" district="9" />
  <parkingArea id="parkingArea_27570802#1_0_20" edge="27570802#1" district="9" />
  <parkingArea id="parkingArea_-27570786#2_0_23" edge="-27570786#2" district="9" />
  <parkingArea id="fakeparking_20" edge="-146155388" district="9" />
  <parkingArea id="parkingArea_262943780#4_0_275" edge="262943780#4" district="9" />
  <parkingArea id="parkingArea_224384020#8_0_266" edge="224384020#8" district="9" />
  <parkingArea id="parkingArea_100400942#1_0_276" edge="100400942#1" district="9" />
  <parkingArea id="fakeparking_2" edge="-133376114#1" district="9" />
  <parkingArea id="parkingArea_262943780#4_0_275" edge="262943780#4" district="19" />
  <parkingArea id="parkingArea_262943780#0_0_254" edge="262943780#0" district="19" />
  <parkingArea id="parkingArea_224384020#8_0_266" edge="224384020#8" district="19" />
  <parkingArea id="fakeparking_19" edge="-29059461#1" district="19" />
  <parkingArea id="parkingArea_254759937#0_0_343" edge="254759937#0" district="18" />
  <parkingArea id="parkingArea_254758115#0_0_310" edge="254758115#0" district="18" />
  <parkingArea id="parkingArea_254396707#8_0_338" edge="254396707#8" district="18" />
  <parkingArea id="parkingArea_254396707#7_0_341" edge="254396707#7" district="18" />
  <parkingArea id="parkingArea_254297763#6_0_342" edge="254297763#6" district="18" />
  <parkingArea id="parkingArea_254297763#4_0_337" edge="254297763#4" district="18" />
  <parkingArea id="fakeparking_18" edge="254297763#3" district="18" />
  <parkingArea id="parkingArea_8917174#1_0_199" edge="8917174#1" district="17" />
  <parkingArea id="parkingArea_24335441_0_197" edge="24335441" district="17" />
  <parkingArea id="parkingArea_23959829#1_0_198" edge="23959829#1" district="17" />
  <parkingArea id="parkingArea_-24310636#2_0_202" edge="-24310636#2" district="17" />
  <parkingArea id="parkingArea_-191296172#0_0_201" edge="-191296172#0" district="17" />
  <parkingArea id="parkingArea_-111089307#4_0_200" edge="-111089307#4" district="17" />
  <parkingArea id="fakeparking_17" edge="-111089307#0" district="17" />
  <parkingArea id="parkingArea_8922164#4_0_315" edge="8922164#4" district="16" />
  <parkingArea id="parkingArea_254759928#2_0_316" edge="254759928#2" district="16" />
  <parkingArea id="parkingArea_254759928#0_0_332" edge="254759928#0" district="16" />
  <parkingArea id="parkingArea_254758120#3_0_353" edge="254758120#3" district="16" />
  <parkingArea id="parkingArea_254758120#1_0_312" edge="254758120#1" district="16" />
  <parkingArea id="parkingArea_254448252#1_0_351" edge="254448252#1" district="16" />
  <parkingArea id="parkingArea_254448252#0_0_345" edge="254448252#0" district="16" />
  <parkingArea id="parkingArea_254448248_0_333" edge="254448248" district="16" />
  <parkingArea id="parkingArea_225853133_0_347" edge="225853133" district="16" />
  <parkingArea id="parkingArea_225847519#4_0_348" edge="225847519#4" district="16" />
  <parkingArea id="parkingArea_225847519#1_0_349" edge="225847519#1" district="16" />
  <parkingArea id="parkingArea_225847514_0_314" edge="225847514" district="16" />
  <parkingArea id="parkingArea_225806031#0_0_350" edge="225806031#0" district="16" />
  <parkingArea id="parkingArea_-30832489_0_334" edge="-30832489" district="16" />
  <parkingArea id="parkingArea_-254758120#1_0_313" edge="-254758120#1" district="16" />
  <parkingArea id="parkingArea_-133781759#1_0_346" edge="-133781759#1" district="16" />
  <parkingArea id="fakeparking_16" edge="-133733582#3" district="16" />
  <parkingArea id="parkingArea_30035682#1_0_357" edge="30035682#1" district="9" />
  <parkingArea id="parkingArea_26938418#3_0_357" edge="26938418#3" district="9" />
  <parkingArea id="parkingArea_224384035#1_0_357" edge="224384035#1" district="9" />
  <parkingArea id="fakeparking_15" edge="-24335483#8" district="9" />
  <parkingArea id="parkingArea_8920394#1_0_100" edge="8920394#1" district="12" />
  <parkingArea id="parkingArea_37177789#0_0_124" edge="37177789#0" district="12" />
  <parkingArea id="parkingArea_37177689#6_0_148" edge="37177689#6" district="12" />
  <parkingArea id="parkingArea_27145438#0_0_123" edge="27145438#0" district="12" />
  <parkingArea id="parkingArea_26943623_0_99" edge="26943623" district="12" />
  <parkingArea id="parkingArea_141688972#1_0_146" edge="141688972#1" district="12" />
  <parkingArea id="parkingArea_-7373736#0_0_147" edge="-7373736#0" district="12" />
  <parkingArea id="parkingArea_-111550911#2_0_98" edge="-111550911#2" district="12" />
  <parkingArea id="fakeparking_12" edge="-160313263#1" district="12" />
  <parkingArea id="fakeparking_14" edge="-111550910#0" district="12" />
  <parkingArea id="parkingArea_30029867#2_0_34" edge="30029867#2" district="9" />
  <parkingArea id="parkingArea_30029867#0_0_354" edge="30029867#0" district="9" />
  <parkingArea id="parkingArea_-30029846#0_0_354" edge="-30029846#0" district="9" />
  <parkingArea id="fakeparking_13" edge="-133376120#10" district="9" />
  <parkingArea id="fakeparking_12" edge="-160313263#1" district="12" />
  <parkingArea id="parkingArea_28808425#0_0_215" edge="28808425#0" district="11" />
  <parkingArea id="parkingArea_263819574#0_0_216" edge="263819574#0" district="11" />
  <parkingArea id="parkingArea_254971070#0_0_217" edge="254971070#0" district="11" />
  <parkingArea id="parkingArea_224384028#0_0_212" edge="224384028#0" district="11" />
  <parkingArea id="parkingArea_148846996#1_0_282" edge="148846996#1" district="11" />
  <parkingArea id="parkingArea_-26938155#4_0_209" edge="-26938155#4" district="11" />
  <parkingArea id="parkingArea_-263819574#1_0_210" edge="-263819574#1" district="11" />
  <parkingArea id="fakeparking_11" edge="-148846998#0" district="11" />
  <parkingArea id="fakeparking_19" edge="-29059461#1" district="11" />
  <parkingArea id="parkingArea_8920452#0_0_156" edge="8920452#0" district="10" />
  <parkingArea id="parkingArea_8915759_0_159" edge="8915759" district="10" />
  <parkingArea id="parkingArea_84823308_0_164" edge="84823308" district="10" />
  <parkingArea id="parkingArea_27029265#3_0_196" edge="27029265#3" district="10" />
  <parkingArea id="parkingArea_26943758#0_0_186" edge="26943758#0" district="10" />
  <parkingArea id="parkingArea_254308553_0_157" edge="254308553" district="10" />
  <parkingArea id="parkingArea_186400366#9_0_168" edge="186400366#9" district="10" />
  <parkingArea id="parkingArea_186400366#1_0_190" edge="186400366#1" district="10" />
  <parkingArea id="parkingArea_162931810_0_184" edge="162931810" district="10" />
  <parkingArea id="parkingArea_123741465_0_169" edge="123741465" district="10" />
  <parkingArea id="parkingArea_123741454#0_0_155" edge="123741454#0" district="10" />
  <parkingArea id="parkingArea_111050389#11_0_183" edge="111050389#11" district="10" />
  <parkingArea id="parkingArea_-84823308_0_162" edge="-84823308" district="10" />
  <parkingArea id="parkingArea_-36331312#0_0_158" edge="-36331312#0" district="10" />
  <parkingArea id="parkingArea_-27167281#1_0_163" edge="-27167281#1" district="10" />
  <parkingArea id="parkingArea_-26943758#1_0_185" edge="-26943758#1" district="10" />
  <parkingArea id="parkingArea_-247966218#7_0_160" edge="-247966218#7" district="10" />
  <parkingArea id="parkingArea_-247966218#2_0_167" edge="-247966218#2" district="10" />
  <parkingArea id="parkingArea_-133755923#0_0_161" edge="-133755923#0" district="10" />
  <parkingArea id="fakeparking_10" edge="-133755923#0" district="10" />
  <parkingArea id="parkingArea_8916375#1_0_238" edge="8916375#1" district="1" />
  <parkingArea id="parkingArea_88597575#1_0_242" edge="88597575#1" district="1" />
  <parkingArea id="parkingArea_28319343#0_0_240" edge="28319343#0" district="1" />
  <parkingArea id="parkingArea_254466686#0_0_241" edge="254466686#0" district="1" />
  <parkingArea id="parkingArea_254396710#1_0_239" edge="254396710#1" district="1" />
  <parkingArea id="parkingArea_228186482#0_0_71" edge="228186482#0" district="1" />
  <parkingArea id="parkingArea_224373753_0_53" edge="224373753" district="1" />
  <parkingArea id="parkingArea_224199018#3_0_234" edge="224199018#3" district="1" />
  <parkingArea id="parkingArea_224199018#2_0_235" edge="224199018#2" district="1" />
  <parkingArea id="parkingArea_224199018#1_0_236" edge="224199018#1" district="1" />
  <parkingArea id="parkingArea_202317711_0_70" edge="202317711" district="1" />
  <parkingArea id="parkingArea_-254466686#3_0_243" edge="-254466686#3" district="1" />
  <parkingArea id="fakeparking_1" edge="-254466686#0" district="1" />
  <parkingArea id="parkingArea_87376666#0_0_289" edge="87376666#0" district="9" />
  <parkingArea id="parkingArea_206662304#13_0_290" edge="206662304#13" district="9" />
  <parkingArea id="parkingArea_-87297164#4_0_288" edge="-87297164#4" district="9" />
</additional>