<?xml version="1.0" ?><deleteme xmlns:xsi="http://www.w3.org/2001/XMLSchema-instance">
<additional xsi:noNamespaceSchemaLocation="http://sumo.dlr.de/xsd/additional_file.xsd">
  <parkingArea id="parkingArea_-100400946_0_293" lane="-100400946_0" roadsideCapacity="4" startPos="72.04" endPos="77.04"/>
  <parkingArea id="parkingArea_-111089307#4_0_200" lane="-111089307#4_0" roadsideCapacity="4" startPos="90.59" endPos="95.59"/>
  <parkingArea id="parkingArea_-111550911#2_0_98" lane="-111550911#2_0" roadsideCapacity="40" startPos="50.10" endPos="55.10"/>
  <parkingArea id="parkingArea_-111560681#2_0_153" lane="-111560681#2_0" roadsideCapacity="5" startPos="86.55" endPos="96.55"/>
  <parkingArea id="parkingArea_-111586254#3_0_269" lane="-111586254#3_0" roadsideCapacity="28" startPos="62.44" endPos="67.44"/>
  <parkingArea id="parkingArea_-133755923#0_0_161" lane="-133755923#0_0" roadsideCapacity="14" startPos="138.20" endPos="148.20"/>
  <parkingArea id="parkingArea_-133781759#1_0_346" lane="-133781759#1_0" roadsideCapacity="44" startPos="31.31" endPos="36.31"/>
  <parkingArea id="parkingArea_-141688972#1_0_145" lane="-141688972#1_0" roadsideCapacity="20" startPos="125.11" endPos="130.11"/>
  <parkingArea id="parkingArea_-141688972#2_0_130" lane="-141688972#2_0" roadsideCapacity="8" startPos="140.86" endPos="145.86"/>
  <parkingArea id="parkingArea_-143617587_0_133" lane="-143617587_0" roadsideCapacity="8" startPos="134.84" endPos="139.84"/>
  <parkingArea id="parkingArea_-143666209#2_0_12" lane="-143666209#2_0" roadsideCapacity="7" startPos="23.11" endPos="28.11"/>
  <parkingArea id="parkingArea_-144346316#4_0_339" lane="-144346316#4_0" roadsideCapacity="2" startPos="73.60" endPos="78.60"/>
  <parkingArea id="parkingArea_-144346316#5_0_340" lane="-144346316#5_0" roadsideCapacity="2" startPos="79.82" endPos="84.82"/>
  <parkingArea id="parkingArea_-148846997#1_0_283" lane="-148846997#1_0" roadsideCapacity="4" startPos="64.90" endPos="69.90"/>
  <parkingArea id="parkingArea_-148847001#5_0_26" lane="-148847001#5_0" roadsideCapacity="20" startPos="45.87" endPos="50.87"/>
  <parkingArea id="parkingArea_-148847001#8_0_30" lane="-148847001#8_0" roadsideCapacity="17" startPos="40.76" endPos="45.76"/>
  <parkingArea id="parkingArea_-174822357#1_0_95" lane="-174822357#1_0" roadsideCapacity="8" startPos="47.08" endPos="52.08"/>
  <parkingArea id="parkingArea_-191296172#0_0_201" lane="-191296172#0_0" roadsideCapacity="11" startPos="71.86" endPos="76.86"/>
  <parkingArea id="parkingArea_-204963504_0_187" lane="-204963504_0" roadsideCapacity="24" startPos="72.77" endPos="77.77"/>
  <parkingArea id="parkingArea_-224384018_0_73" lane="-224384018_0" roadsideCapacity="40" startPos="126.73" endPos="131.73"/>
  <parkingArea id="parkingArea_-225432462#1_0_61" lane="-225432462#1_0" roadsideCapacity="10" startPos="54.89" endPos="59.89"/>
  <parkingArea id="parkingArea_-225518512#1_0_109" lane="-225518512#1_0" roadsideCapacity="8" startPos="78.76" endPos="83.76"/>
  <parkingArea id="parkingArea_-225847526_0_176" lane="-225847526_0" roadsideCapacity="4" startPos="121.50" endPos="131.50"/>
  <parkingArea id="parkingArea_-228186482#1_0_69" lane="-228186482#1_0" roadsideCapacity="20" startPos="46.71" endPos="51.71"/>
  <parkingArea id="parkingArea_-228201785#0_0_110" lane="-228201785#0_0" roadsideCapacity="28" startPos="27.34" endPos="32.34"/>
  <parkingArea id="parkingArea_-23924510#0_0_37" lane="-23924510#0_0" roadsideCapacity="14" startPos="61.41" endPos="66.41"/>
  <parkingArea id="parkingArea_-24310636#2_0_202" lane="-24310636#2_0" roadsideCapacity="10" startPos="56.91" endPos="61.91"/>
  <parkingArea id="parkingArea_-247966218#2_0_167" lane="-247966218#2_0" roadsideCapacity="12" startPos="129.08" endPos="139.08"/>
  <parkingArea id="parkingArea_-247966218#7_0_160" lane="-247966218#7_0" roadsideCapacity="7" startPos="31.84" endPos="41.84"/>
  <parkingArea id="parkingArea_-254299113#0_0_11" lane="-254299113#0_0" roadsideCapacity="11" startPos="79.42" endPos="84.42"/>
  <parkingArea id="parkingArea_-254308553_0_144" lane="-254308553_0" roadsideCapacity="12" startPos="90.43" endPos="95.43"/>
  <parkingArea id="parkingArea_-254396719#1_0_246" lane="-254396719#1_0" roadsideCapacity="4" startPos="52.41" endPos="57.41"/>
  <parkingArea id="parkingArea_-254466686#3_0_243" lane="-254466686#3_0" roadsideCapacity="12" startPos="56.25" endPos="61.25"/>
  <parkingArea id="parkingArea_-254466686#4_0_245" lane="-254466686#4_0" roadsideCapacity="12" startPos="52.12" endPos="57.12"/>
  <parkingArea id="parkingArea_-254756526#1_0_233" lane="-254756526#1_0" roadsideCapacity="20" startPos="53.44" endPos="58.44"/>
  <parkingArea id="parkingArea_-254758120#1_0_313" lane="-254758120#1_0" roadsideCapacity="7" startPos="68.05" endPos="73.05"/>
  <parkingArea id="parkingArea_-255168048#2_0_9" lane="-255168048#2_0" roadsideCapacity="20" startPos="70.12" endPos="75.12"/>
  <parkingArea id="parkingArea_-255168048#3_0_16" lane="-255168048#3_0" roadsideCapacity="4" startPos="72.02" endPos="77.02"/>
  <parkingArea id="parkingArea_-255168048#4_0_18" lane="-255168048#4_0" roadsideCapacity="3" startPos="61.29" endPos="66.29"/>
  <parkingArea id="parkingArea_-255330036#11_0_91" lane="-255330036#11_0" roadsideCapacity="19" startPos="28.00" endPos="33.00"/>
  <parkingArea id="parkingArea_-255330036#12_0_93" lane="-255330036#12_0" roadsideCapacity="20" startPos="90.55" endPos="95.55"/>
  <parkingArea id="parkingArea_-255330036#3_0_119" lane="-255330036#3_0" roadsideCapacity="20" startPos="9.37" endPos="14.37"/>
  <parkingArea id="parkingArea_-263819574#1_0_210" lane="-263819574#1_0" roadsideCapacity="1" startPos="71.29" endPos="76.29"/>
  <parkingArea id="parkingArea_-264874017#4_0_140" lane="-264874017#4_0" roadsideCapacity="4" startPos="21.19" endPos="26.19"/>
  <parkingArea id="parkingArea_-26938155#4_0_209" lane="-26938155#4_0" roadsideCapacity="17" startPos="58.18" endPos="63.18"/>
  <parkingArea id="parkingArea_-26943758#1_0_185" lane="-26943758#1_0" roadsideCapacity="8" startPos="87.58" endPos="92.58"/>
  <parkingArea id="parkingArea_-27166421#2_0_296" lane="-27166421#2_0" roadsideCapacity="8" startPos="52.86" endPos="57.86"/>
  <parkingArea id="parkingArea_-27167281#1_0_163" lane="-27167281#1_0" roadsideCapacity="44" startPos="90.00" endPos="100.00"/>
  <parkingArea id="parkingArea_-27570786#2_0_23" lane="-27570786#2_0" roadsideCapacity="8" startPos="55.33" endPos="60.33"/>
  <parkingArea id="parkingArea_-27571801_0_50" lane="-27571801_0" roadsideCapacity="44" startPos="54.67" endPos="59.67"/>
  <parkingArea id="parkingArea_-28231602#5_0_221" lane="-28231602#5_0" roadsideCapacity="4" startPos="51.33" endPos="56.33"/>
  <parkingArea id="parkingArea_-283537552#1_0_87" lane="-283537552#1_0" roadsideCapacity="14" startPos="58.85" endPos="63.85"/>
  <parkingArea id="parkingArea_-283537644#1_0_86" lane="-283537644#1_0" roadsideCapacity="4" startPos="29.59" endPos="34.59"/>
  <parkingArea id="parkingArea_-28518571#0_0_166" lane="-28518571#0_0" roadsideCapacity="20" startPos="51.55" endPos="61.55"/>
  <parkingArea id="parkingArea_-287958606#1_0_355" lane="-287958606#1_0" roadsideCapacity="48" startPos="69.30" endPos="74.30"/>
  <parkingArea id="parkingArea_-28805009#4_0_276" lane="-28805009#4_0" roadsideCapacity="12" startPos="11.86" endPos="16.86"/>
  <parkingArea id="parkingArea_-28841114#2_0_280" lane="-28841114#2_0" roadsideCapacity="17" startPos="20.21" endPos="25.21"/>
  <parkingArea id="parkingArea_-30029721#1_0_35" lane="-30029721#1_0" roadsideCapacity="20" startPos="21.86" endPos="26.86"/>
  <parkingArea id="parkingArea_-30029846#0_0_354" lane="-30029846#0_0" roadsideCapacity="8" startPos="64.21" endPos="69.21"/>
  <parkingArea id="parkingArea_-30030283#0_0_279" lane="-30030283#0_0" roadsideCapacity="19" startPos="72.39" endPos="77.39"/>
  <parkingArea id="parkingArea_-30831816#3_0_24" lane="-30831816#3_0" roadsideCapacity="40" startPos="61.97" endPos="66.97"/>
  <parkingArea id="parkingArea_-30832489_0_334" lane="-30832489_0" roadsideCapacity="14" startPos="75.12" endPos="80.12"/>
  <parkingArea id="parkingArea_-34128712_0_14" lane="-34128712_0" roadsideCapacity="9" startPos="72.49" endPos="77.49"/>
  <parkingArea id="parkingArea_-36331312#0_0_158" lane="-36331312#0_0" roadsideCapacity="12" startPos="96.67" endPos="106.67"/>
  <parkingArea id="parkingArea_-7373736#0_0_147" lane="-7373736#0_0" roadsideCapacity="1" startPos="135.37" endPos="140.37"/>
  <parkingArea id="parkingArea_-7373736#1_0_131" lane="-7373736#1_0" roadsideCapacity="8" startPos="150.66" endPos="155.66"/>
  <parkingArea id="parkingArea_-84823308_0_162" lane="-84823308_0" roadsideCapacity="48" startPos="139.19" endPos="149.19"/>
  <parkingArea id="parkingArea_-87297164#4_0_288" lane="-87297164#4_0" roadsideCapacity="12" startPos="20.54" endPos="25.54"/>
  <parkingArea id="parkingArea_-88559691#3_0_75" lane="-88559691#3_0" roadsideCapacity="12" startPos="84.44" endPos="89.44"/>
  <parkingArea id="parkingArea_-88559691#6_0_82" lane="-88559691#6_0" roadsideCapacity="4" startPos="86.42" endPos="91.42"/>
  <parkingArea id="parkingArea_-88572874#2_0_188" lane="-88572874#2_0" roadsideCapacity="6" startPos="25.28" endPos="30.28"/>
  <parkingArea id="parkingArea_-88572877#6_0_76" lane="-88572877#6_0" roadsideCapacity="4" startPos="133.54" endPos="138.54"/>
  <parkingArea id="parkingArea_-88572887#0_0_180" lane="-88572887#0_0" roadsideCapacity="6" startPos="37.17" endPos="42.17"/>
  <parkingArea id="parkingArea_-88572914#2_0_174" lane="-88572914#2_0" roadsideCapacity="20" startPos="149.28" endPos="159.28"/>
  <parkingArea id="parkingArea_-88572932#2_0_136" lane="-88572932#2_0" roadsideCapacity="8" startPos="130.45" endPos="135.45"/>
  <parkingArea id="parkingArea_-88572941_0_150" lane="-88572941_0" roadsideCapacity="8" startPos="136.51" endPos="146.51"/>
  <parkingArea id="parkingArea_-88572970_0_67" lane="-88572970_0" roadsideCapacity="4" startPos="54.60" endPos="59.60"/>
  <parkingArea id="parkingArea_-8916563#1_0_222" lane="-8916563#1_0" roadsideCapacity="8" startPos="55.02" endPos="60.02"/>
  <parkingArea id="parkingArea_-8916563#4_0_219" lane="-8916563#4_0" roadsideCapacity="4" startPos="49.49" endPos="54.49"/>
  <parkingArea id="parkingArea_-8916765#1_0_33" lane="-8916765#1_0" roadsideCapacity="40" startPos="39.79" endPos="44.79"/>
  <parkingArea id="parkingArea_-8916922#4_0_52" lane="-8916922#4_0" roadsideCapacity="40" startPos="59.05" endPos="64.05"/>
  <parkingArea id="parkingArea_-8916930_0_191" lane="-8916930_0" roadsideCapacity="4" startPos="34.46" endPos="39.46"/>
  <parkingArea id="parkingArea_-8920242#0_0_115" lane="-8920242#0_0" roadsideCapacity="12" startPos="23.20" endPos="28.20"/>
  <parkingArea id="parkingArea_-8920734_0_356" lane="-8920734_0" roadsideCapacity="4" startPos="45.85" endPos="50.85"/>
  <parkingArea id="parkingArea_-8922024#5_0_224" lane="-8922024#5_0" roadsideCapacity="1" startPos="52.70" endPos="57.70"/>
  <parkingArea id="parkingArea_-8922307_0_63" lane="-8922307_0" roadsideCapacity="9" startPos="93.27" endPos="98.27"/>
  <parkingArea id="parkingArea_-8922640#1_0_252" lane="-8922640#1_0" roadsideCapacity="8" startPos="34.86" endPos="44.86"/>
  <parkingArea id="parkingArea_-91181760#0_0_294" lane="-91181760#0_0" roadsideCapacity="20" startPos="31.48" endPos="36.48"/>
  <parkingArea id="parkingArea_-p1#1_0_330" lane="-p1#1_0" roadsideCapacity="52" startPos="29.78" endPos="34.78"/>
  <parkingArea id="parkingArea_-p2#3_0_126" lane="-p2#3_0" roadsideCapacity="52" startPos="24.98" endPos="29.98"/>
  <parkingArea id="parkingArea_-p4#0_0_102" lane="-p4#0_0" roadsideCapacity="40" startPos="19.06" endPos="24.06"/>
  <parkingArea id="parkingArea_100400942#1_0_276" lane="100400942#1_0" roadsideCapacity="16" startPos="47.93" endPos="52.93"/>
  <parkingArea id="parkingArea_100400947#7_0_311" lane="100400947#7_0" roadsideCapacity="4" startPos="77.14" endPos="82.14"/>
  <parkingArea id="parkingArea_111049100#0_0_64" lane="111049100#0_0" roadsideCapacity="1" startPos="58.55" endPos="63.55"/>
  <parkingArea id="parkingArea_111050389#11_0_183" lane="111050389#11_0" roadsideCapacity="15" startPos="20.79" endPos="25.79"/>
  <parkingArea id="parkingArea_111050389#6_0_170" lane="111050389#6_0" roadsideCapacity="6" startPos="88.73" endPos="98.73"/>
  <parkingArea id="parkingArea_111319423_0_83" lane="111319423_0" roadsideCapacity="8" startPos="137.22" endPos="142.22"/>
  <parkingArea id="parkingArea_111550911#2_0_97" lane="111550911#2_0" roadsideCapacity="28" startPos="17.22" endPos="22.22"/>
  <parkingArea id="parkingArea_111552058#0_0_101" lane="111552058#0_0" roadsideCapacity="40" startPos="75.93" endPos="80.93"/>
  <parkingArea id="parkingArea_111560679#0_0_111" lane="111560679#0_0" roadsideCapacity="48" startPos="134.75" endPos="139.75"/>
  <parkingArea id="parkingArea_120256350#0_0_51" lane="120256350#0_0" roadsideCapacity="12" startPos="93.55" endPos="98.55"/>
  <parkingArea id="parkingArea_120256350#3_0_52" lane="120256350#3_0" roadsideCapacity="28" startPos="96.99" endPos="101.99"/>
  <parkingArea id="parkingArea_120256350#8_0_45" lane="120256350#8_0" roadsideCapacity="40" startPos="93.60" endPos="98.60"/>
  <parkingArea id="parkingArea_120256351_0_49" lane="120256351_0" roadsideCapacity="4" startPos="98.65" endPos="103.65"/>
  <parkingArea id="parkingArea_123741454#0_0_155" lane="123741454#0_0" roadsideCapacity="4" startPos="347.13" endPos="357.13"/>
  <parkingArea id="parkingArea_123741454#2_0_109" lane="123741454#2_0" roadsideCapacity="7" startPos="776.51" endPos="781.51"/>
  <parkingArea id="parkingArea_123741465_0_169" lane="123741465_0" roadsideCapacity="6" startPos="109.30" endPos="119.30"/>
  <parkingArea id="parkingArea_133733593#1_0_357" lane="133733593#1_0" roadsideCapacity="12" startPos="80.91" endPos="85.91"/>
  <parkingArea id="parkingArea_133735130#0_0_120" lane="133735130#0_0" roadsideCapacity="15" startPos="100.97" endPos="105.97"/>
  <parkingArea id="parkingArea_133735130#4_0_118" lane="133735130#4_0" roadsideCapacity="11" startPos="25.22" endPos="30.22"/>
  <parkingArea id="parkingArea_141688972#1_0_146" lane="141688972#1_0" roadsideCapacity="3" startPos="131.71" endPos="136.71"/>
  <parkingArea id="parkingArea_143617589#2_0_121" lane="143617589#2_0" roadsideCapacity="12" startPos="27.21" endPos="32.21"/>
  <parkingArea id="parkingArea_143617593_0_143" lane="143617593_0" roadsideCapacity="8" startPos="90.35" endPos="95.35"/>
  <parkingArea id="parkingArea_143666206_0_5" lane="143666206_0" roadsideCapacity="20" startPos="61.57" endPos="66.57"/>
  <parkingArea id="parkingArea_143666208#0_0_6" lane="143666208#0_0" roadsideCapacity="4" startPos="47.17" endPos="52.17"/>
  <parkingArea id="parkingArea_144489134#3_0_270" lane="144489134#3_0" roadsideCapacity="40" startPos="68.27" endPos="73.27"/>
  <parkingArea id="parkingArea_144489137#7_0_324" lane="144489137#7_0" roadsideCapacity="4" startPos="67.55" endPos="72.55"/>
  <parkingArea id="parkingArea_148846995_0_284" lane="148846995_0" roadsideCapacity="6" startPos="33.41" endPos="38.41"/>
  <parkingArea id="parkingArea_148846996#1_0_282" lane="148846996#1_0" roadsideCapacity="5" startPos="60.66" endPos="65.66"/>
  <parkingArea id="parkingArea_148846998#0_0_285" lane="148846998#0_0" roadsideCapacity="1" startPos="12.65" endPos="17.65"/>
  <parkingArea id="parkingArea_157812260#10_0_172" lane="157812260#10_0" roadsideCapacity="8" startPos="102.95" endPos="112.95"/>
  <parkingArea id="parkingArea_157812260#11_0_151" lane="157812260#11_0" roadsideCapacity="4" startPos="100.92" endPos="110.92"/>
  <parkingArea id="parkingArea_157812260#9_0_172" lane="157812260#9_0" roadsideCapacity="13" startPos="34.68" endPos="44.68"/>
  <parkingArea id="parkingArea_160325575#0_0_47" lane="160325575#0_0" roadsideCapacity="12" startPos="86.99" endPos="91.99"/>
  <parkingArea id="parkingArea_162931810_0_184" lane="162931810_0" roadsideCapacity="40" startPos="94.90" endPos="99.90"/>
  <parkingArea id="parkingArea_186400365_0_129" lane="186400365_0" roadsideCapacity="15" startPos="146.79" endPos="151.79"/>
  <parkingArea id="parkingArea_186400366#1_0_190" lane="186400366#1_0" roadsideCapacity="12" startPos="40.86" endPos="45.86"/>
  <parkingArea id="parkingArea_186400366#9_0_168" lane="186400366#9_0" roadsideCapacity="5" startPos="40.50" endPos="50.50"/>
  <parkingArea id="parkingArea_196831123#2_0_29" lane="196831123#2_0" roadsideCapacity="20" startPos="69.44" endPos="74.44"/>
  <parkingArea id="parkingArea_202317711_0_70" lane="202317711_0" roadsideCapacity="3" startPos="44.46" endPos="49.46"/>
  <parkingArea id="parkingArea_206662304#13_0_290" lane="206662304#13_0" roadsideCapacity="4" startPos="154.30" endPos="159.30"/>
  <parkingArea id="parkingArea_214545530#0_0_139" lane="214545530#0_0" roadsideCapacity="28" startPos="100.07" endPos="105.07"/>
  <parkingArea id="parkingArea_214545530#4_0_141" lane="214545530#4_0" roadsideCapacity="16" startPos="36.93" endPos="41.93"/>
  <parkingArea id="parkingArea_224199018#1_0_236" lane="224199018#1_0" roadsideCapacity="48" startPos="38.98" endPos="43.98"/>
  <parkingArea id="parkingArea_224199018#2_0_235" lane="224199018#2_0" roadsideCapacity="44" startPos="48.65" endPos="53.65"/>
  <parkingArea id="parkingArea_224199018#3_0_234" lane="224199018#3_0" roadsideCapacity="40" startPos="48.29" endPos="53.29"/>
  <parkingArea id="parkingArea_224316514#0_0_261" lane="224316514#0_0" roadsideCapacity="12" startPos="76.69" endPos="86.69"/>
  <parkingArea id="parkingArea_224316520#0_0_356" lane="224316520#0_0" roadsideCapacity="44" startPos="15" endPos="20"/>
  <parkingArea id="parkingArea_224316521#1_0_356" lane="224316521#1_0" roadsideCapacity="48" startPos="51.00" endPos="56.00"/>
  <parkingArea id="parkingArea_224316521#3_0_354" lane="224316521#3_0" roadsideCapacity="24" startPos="53.06" endPos="58.06"/>
  <parkingArea id="parkingArea_224316522#0_0_265" lane="224316522#0_0" roadsideCapacity="6" startPos="62.62" endPos="72.62"/>
  <parkingArea id="parkingArea_224373751_0_54" lane="224373751_0" roadsideCapacity="24" startPos="92.15" endPos="97.15"/>
  <parkingArea id="parkingArea_224373753_0_53" lane="224373753_0" roadsideCapacity="12" startPos="48.54" endPos="53.54"/>
  <parkingArea id="parkingArea_224384010#1_0_218" lane="224384010#1_0" roadsideCapacity="4" startPos="50.66" endPos="55.66"/>
  <parkingArea id="parkingArea_224384020#2_0_208" lane="224384020#2_0" roadsideCapacity="4" startPos="72.50" endPos="77.50"/>
  <parkingArea id="parkingArea_224384020#8_0_266" lane="224384020#8_0" roadsideCapacity="4" startPos="149.57" endPos="159.57"/>
  <parkingArea id="parkingArea_224384028#0_0_212" lane="224384028#0_0" roadsideCapacity="20" startPos="52.59" endPos="57.59"/>
  <parkingArea id="parkingArea_224384035#1_0_357" lane="224384035#1_0" roadsideCapacity="14" startPos="136.53" endPos="141.53"/>
  <parkingArea id="parkingArea_225432462#0_0_60" lane="225432462#0_0" roadsideCapacity="8" startPos="49.26" endPos="54.26"/>
  <parkingArea id="parkingArea_225518502#0_0_84" lane="225518502#0_0" roadsideCapacity="32" startPos="61.25" endPos="66.25"/>
  <parkingArea id="parkingArea_225518502#3_0_85" lane="225518502#3_0" roadsideCapacity="3" startPos="66.26" endPos="71.26"/>
  <parkingArea id="parkingArea_225518512#0_0_107" lane="225518512#0_0" roadsideCapacity="12" startPos="88.79" endPos="93.79"/>
  <parkingArea id="parkingArea_225806031#0_0_350" lane="225806031#0_0" roadsideCapacity="9" startPos="69.79" endPos="74.79"/>
  <parkingArea id="parkingArea_225806056_0_125" lane="225806056_0" roadsideCapacity="4" startPos="103.24" endPos="108.24"/>
  <parkingArea id="parkingArea_225847514_0_314" lane="225847514_0" roadsideCapacity="16" startPos="68.46" endPos="73.46"/>
  <parkingArea id="parkingArea_225847519#1_0_349" lane="225847519#1_0" roadsideCapacity="40" startPos="33.31" endPos="38.31"/>
  <parkingArea id="parkingArea_225847519#4_0_348" lane="225847519#4_0" roadsideCapacity="28" startPos="69.96" endPos="74.96"/>
  <parkingArea id="parkingArea_225853133_0_347" lane="225853133_0" roadsideCapacity="18" startPos="66.72" endPos="71.72"/>
  <parkingArea id="parkingArea_228186482#0_0_71" lane="228186482#0_0" roadsideCapacity="32" startPos="52.05" endPos="57.05"/>
  <parkingArea id="parkingArea_23883761_0_165" lane="23883761_0" roadsideCapacity="28" startPos="102.98" endPos="112.98"/>
  <parkingArea id="parkingArea_23959829#1_0_198" lane="23959829#1_0" roadsideCapacity="5" startPos="59.25" endPos="64.25"/>
  <parkingArea id="parkingArea_24245395#1_0_211" lane="24245395#1_0" roadsideCapacity="8" startPos="57.17" endPos="62.17"/>
  <parkingArea id="parkingArea_24335441_0_197" lane="24335441_0" roadsideCapacity="8" startPos="66.59" endPos="71.59"/>
  <parkingArea id="parkingArea_24335487#1_0_278" lane="24335487#1_0" roadsideCapacity="17" startPos="53.49" endPos="58.49"/>
  <parkingArea id="parkingArea_24335487#2_0_281" lane="24335487#2_0" roadsideCapacity="6" startPos="53.43" endPos="58.43"/>
  <parkingArea id="parkingArea_25372358#0_0_204" lane="25372358#0_0" roadsideCapacity="4" startPos="47.28" endPos="52.28"/>
  <parkingArea id="parkingArea_254297759#0_0_262" lane="254297759#0_0" roadsideCapacity="2" startPos="52.92" endPos="62.92"/>
  <parkingArea id="parkingArea_254297761#0_0_303" lane="254297761#0_0" roadsideCapacity="12" startPos="56.99" endPos="61.99"/>
  <parkingArea id="parkingArea_254297761#2_0_305" lane="254297761#2_0" roadsideCapacity="12" startPos="54.10" endPos="59.10"/>
  <parkingArea id="parkingArea_254297763#0_0_297" lane="254297763#0_0" roadsideCapacity="20" startPos="74.58" endPos="79.58"/>
  <parkingArea id="parkingArea_254297763#4_0_337" lane="254297763#4_0" roadsideCapacity="18" startPos="72.55" endPos="77.55"/>
  
  <parkingArea id="parkingArea_254297763#6_0_342" lane="254297763#6_0" roadsideCapacity="4" startPos="70.36" endPos="75.36"/>
  <parkingArea id="parkingArea_254299112#1_0_28" lane="254299112#1_0" roadsideCapacity="12" startPos="33.31" endPos="38.31"/>
  <parkingArea id="parkingArea_254299112#2_0_27" lane="254299112#2_0" roadsideCapacity="24" startPos="66.56" endPos="71.56"/>
  <parkingArea id="parkingArea_254299113#0_0_10" lane="254299113#0_0" roadsideCapacity="32" startPos="63.13" endPos="68.13"/>
  <parkingArea id="parkingArea_254299113#3_0_355" lane="254299113#3_0" roadsideCapacity="12" startPos="82.41" endPos="87.41"/>
  <parkingArea id="parkingArea_254299125_0_8" lane="254299125_0" roadsideCapacity="32" startPos="66.07" endPos="71.07"/>
  <parkingArea id="parkingArea_254299142#2_0_116" lane="254299142#2_0" roadsideCapacity="18" startPos="35.25" endPos="40.25"/>
  <parkingArea id="parkingArea_254299142#3_0_103" lane="254299142#3_0" roadsideCapacity="32" startPos="85.97" endPos="90.97"/>
  <parkingArea id="parkingArea_254306572#0_0_247" lane="254306572#0_0" roadsideCapacity="12" startPos="67.41" endPos="72.41"/>
  <parkingArea id="parkingArea_254308548#0_0_142" lane="254308548#0_0" roadsideCapacity="4" startPos="114.32" endPos="119.32"/>
  <parkingArea id="parkingArea_254308553_0_157" lane="254308553_0" roadsideCapacity="12" startPos="86.52" endPos="96.52"/>
  <parkingArea id="parkingArea_254396707#7_0_341" lane="254396707#7_0" roadsideCapacity="12" startPos="74.10" endPos="79.10"/>
  <parkingArea id="parkingArea_254396707#8_0_338" lane="254396707#8_0" roadsideCapacity="4" startPos="73.43" endPos="78.43"/>
  <parkingArea id="parkingArea_254396710#1_0_239" lane="254396710#1_0" roadsideCapacity="20" startPos="44.89" endPos="49.89"/>
  <parkingArea id="parkingArea_254448248_0_333" lane="254448248_0" roadsideCapacity="13" startPos="49.09" endPos="54.09"/>
  <parkingArea id="parkingArea_254448250_0_323" lane="254448250_0" roadsideCapacity="8" startPos="53.08" endPos="58.08"/>
  <parkingArea id="parkingArea_254448252#0_0_345" lane="254448252#0_0" roadsideCapacity="7" startPos="66.54" endPos="71.54"/>
  <parkingArea id="parkingArea_254448252#1_0_351" lane="254448252#1_0" roadsideCapacity="14" startPos="75.42" endPos="80.42"/>
  <parkingArea id="parkingArea_254466686#0_0_241" lane="254466686#0_0" roadsideCapacity="9" startPos="51.88" endPos="56.88"/>
  <parkingArea id="parkingArea_254756525#15_0_292" lane="254756525#15_0" roadsideCapacity="20" startPos="71.23" endPos="76.23"/>
  <parkingArea id="parkingArea_254756525#25_0_354" lane="254756525#25_0" roadsideCapacity="8" startPos="219.60" endPos="224.60"/>
  <parkingArea id="parkingArea_254756525#3_0_352" lane="254756525#3_0" roadsideCapacity="17" startPos="71.34" endPos="76.34"/>
  <parkingArea id="parkingArea_254758114#0_0_299" lane="254758114#0_0" roadsideCapacity="15" startPos="75.55" endPos="80.55"/>
  <parkingArea id="parkingArea_254758115#0_0_310" lane="254758115#0_0" roadsideCapacity="10" startPos="68.00" endPos="73.00"/>
  <parkingArea id="parkingArea_254758120#1_0_312" lane="254758120#1_0" roadsideCapacity="4" startPos="45.81" endPos="50.81"/>
  <parkingArea id="parkingArea_254758120#3_0_353" lane="254758120#3_0" roadsideCapacity="2" startPos="81.45" endPos="86.45"/>
  <parkingArea id="parkingArea_254758124#0_0_300" lane="254758124#0_0" roadsideCapacity="12" startPos="58.58" endPos="63.58"/>
  <parkingArea id="parkingArea_254758124#6_0_325" lane="254758124#6_0" roadsideCapacity="1" startPos="47.19" endPos="52.19"/>
  <parkingArea id="parkingArea_254758126#4_0_301" lane="254758126#4_0" roadsideCapacity="4" startPos="52.72" endPos="57.72"/>
  <parkingArea id="parkingArea_254758128#0_0_329" lane="254758128#0_0" roadsideCapacity="48" startPos="52.10" endPos="57.10"/>
  <parkingArea id="parkingArea_254758131#2_0_327" lane="254758131#2_0" roadsideCapacity="52" startPos="70.88" endPos="75.88"/>
  <parkingArea id="parkingArea_254758132#0_0_328" lane="254758132#0_0" roadsideCapacity="13" startPos="36.33" endPos="41.33"/>
  <parkingArea id="parkingArea_254759927#0_0_317" lane="254759927#0_0" roadsideCapacity="8" startPos="57.01" endPos="62.01"/>
  <parkingArea id="parkingArea_254759928#0_0_332" lane="254759928#0_0" roadsideCapacity="40" startPos="70.30" endPos="75.30"/>
  <parkingArea id="parkingArea_254759928#2_0_316" lane="254759928#2_0" roadsideCapacity="3" startPos="11.51" endPos="16.51"/>
  <parkingArea id="parkingArea_254759937#0_0_343" lane="254759937#0_0" roadsideCapacity="4" startPos="51.29" endPos="56.29"/>
  <parkingArea id="parkingArea_254971070#0_0_217" lane="254971070#0_0" roadsideCapacity="20" startPos="53.12" endPos="58.12"/>
  <parkingArea id="parkingArea_254982299_0_25" lane="254982299_0" roadsideCapacity="4" startPos="75.86" endPos="80.86"/>
  <parkingArea id="parkingArea_255168047#0_0_112" lane="255168047#0_0" roadsideCapacity="8" startPos="54.00" endPos="59.00"/>
  <parkingArea id="parkingArea_255168048#0_0_7" lane="255168048#0_0" roadsideCapacity="15" startPos="73.23" endPos="78.23"/>
  <parkingArea id="parkingArea_255168048#3_0_15" lane="255168048#3_0" roadsideCapacity="4" startPos="70.86" endPos="75.86"/>
  <parkingArea id="parkingArea_255168048#4_0_17" lane="255168048#4_0" roadsideCapacity="8" startPos="51.33" endPos="56.33"/>
  <parkingArea id="parkingArea_255330036#10_0_92" lane="255330036#10_0" roadsideCapacity="9" startPos="35.25" endPos="40.25"/>
  <parkingArea id="parkingArea_255330036#13_0_94" lane="255330036#13_0" roadsideCapacity="24" startPos="116.49" endPos="121.49"/>
  <parkingArea id="parkingArea_255330036#3_0_122" lane="255330036#3_0" roadsideCapacity="20" startPos="60.37" endPos="65.37"/>
  <parkingArea id="parkingArea_255330036#7_0_96" lane="255330036#7_0" roadsideCapacity="8" startPos="104.14" endPos="109.14"/>
  <parkingArea id="parkingArea_255330069#0_0_132" lane="255330069#0_0" roadsideCapacity="4" startPos="43.83" endPos="48.83"/>
  <parkingArea id="parkingArea_255330069#1_0_134" lane="255330069#1_0" roadsideCapacity="13" startPos="45.45" endPos="50.45"/>
  <parkingArea id="parkingArea_25657409#19_0_127" lane="25657409#19_0" roadsideCapacity="12" startPos="147.84" endPos="152.84"/>
  <parkingArea id="parkingArea_25657409#7_0_171" lane="25657409#7_0" roadsideCapacity="13" startPos="24.21" endPos="34.21"/>
  <parkingArea id="parkingArea_256787755#3_0_189" lane="256787755#3_0" roadsideCapacity="9" startPos="29.41" endPos="34.41"/>
  <parkingArea id="parkingArea_25758528#0_0_114" lane="25758528#0_0" roadsideCapacity="8" startPos="60.11" endPos="65.11"/>
  <parkingArea id="parkingArea_25758528#1_0_113" lane="25758528#1_0" roadsideCapacity="12" startPos="69.58" endPos="74.58"/>
  <parkingArea id="parkingArea_262943780#0_0_254" lane="262943780#0_0" roadsideCapacity="7" startPos="32.70" endPos="42.70"/>
  <parkingArea id="parkingArea_262943780#4_0_275" lane="262943780#4_0" roadsideCapacity="6" startPos="78.09" endPos="83.09"/>
  <parkingArea id="parkingArea_263819574#0_0_216" lane="263819574#0_0" roadsideCapacity="6" startPos="71.36" endPos="76.36"/>
  <parkingArea id="parkingArea_264874017#0_0_152" lane="264874017#0_0" roadsideCapacity="14" startPos="92.72" endPos="102.72"/>
  <parkingArea id="parkingArea_26938124#12_0_298" lane="26938124#12_0" roadsideCapacity="13" startPos="50.45" endPos="55.45"/>
  <parkingArea id="parkingArea_26938124#2_0_321" lane="26938124#2_0" roadsideCapacity="4" startPos="55.34" endPos="60.34"/>
  <parkingArea id="parkingArea_26938124#5_0_326" lane="26938124#5_0" roadsideCapacity="4" startPos="48.79" endPos="53.79"/>
  <parkingArea id="parkingArea_26938418#3_0_357" lane="26938418#3_0" roadsideCapacity="18" startPos="46.67" endPos="51.67"/>
  <parkingArea id="parkingArea_26943623_0_99" lane="26943623_0" roadsideCapacity="12" startPos="38.46" endPos="43.46"/>
  <parkingArea id="parkingArea_26943758#0_0_186" lane="26943758#0_0" roadsideCapacity="24" startPos="165.39" endPos="170.39"/>
  <parkingArea id="parkingArea_27029265#1_0_195" lane="27029265#1_0" roadsideCapacity="9" startPos="61.22" endPos="66.22"/>
  <parkingArea id="parkingArea_27029265#3_0_196" lane="27029265#3_0" roadsideCapacity="48" startPos="100.60" endPos="105.60"/>
  <parkingArea id="parkingArea_27054196_0_251" lane="27054196_0" roadsideCapacity="5" startPos="74.14" endPos="84.14"/>
  <parkingArea id="parkingArea_27054205#0_0_250" lane="27054205#0_0" roadsideCapacity="4" startPos="21.48" endPos="31.48"/>
  <parkingArea id="parkingArea_27054209#0_0_232" lane="27054209#0_0" roadsideCapacity="28" startPos="78.39" endPos="83.39"/>
  <parkingArea id="parkingArea_27054213#2_0_244" lane="27054213#2_0" roadsideCapacity="11" startPos="44.92" endPos="49.92"/>
  <parkingArea id="parkingArea_27054213#6_0_357" lane="27054213#6_0" roadsideCapacity="8" startPos="42.87" endPos="47.87"/>
  <parkingArea id="parkingArea_27145438#0_0_123" lane="27145438#0_0" roadsideCapacity="44" startPos="122.01" endPos="127.01"/>
  <parkingArea id="parkingArea_27397539#0_0_295" lane="27397539#0_0" roadsideCapacity="48" startPos="50.51" endPos="55.51"/>
  <parkingArea id="parkingArea_27397692_0_57" lane="27397692_0" roadsideCapacity="4" startPos="100.16" endPos="105.16"/>
  <parkingArea id="parkingArea_27397919_0_66" lane="27397919_0" roadsideCapacity="12" startPos="57.05" endPos="62.05"/>
  <parkingArea id="parkingArea_27397927_0_42" lane="27397927_0" roadsideCapacity="28" startPos="51.94" endPos="56.94"/>
  <parkingArea id="parkingArea_27397934#0_0_48" lane="27397934#0_0" roadsideCapacity="24" startPos="99.61" endPos="104.61"/>
  <parkingArea id="parkingArea_27398048#2_0_237" lane="27398048#2_0" roadsideCapacity="48" startPos="35.47" endPos="40.47"/>
  <parkingArea id="parkingArea_27400588#0_0_3" lane="27400588#0_0" roadsideCapacity="20" startPos="79.22" endPos="84.22"/>
  <parkingArea id="parkingArea_27570802#1_0_20" lane="27570802#1_0" roadsideCapacity="20" startPos="92.68" endPos="97.68"/>
  <parkingArea id="parkingArea_277480424#4_0_322" lane="277480424#4_0" roadsideCapacity="12" startPos="71.38" endPos="76.38"/>
  <parkingArea id="parkingArea_277480563#2_0_319" lane="277480563#2_0" roadsideCapacity="7" startPos="50.37" endPos="55.37"/>
  <parkingArea id="parkingArea_28231602#2_0_214" lane="28231602#2_0" roadsideCapacity="20" startPos="52.55" endPos="57.55"/>
  <parkingArea id="parkingArea_28319343#0_0_240" lane="28319343#0_0" roadsideCapacity="12" startPos="39.89" endPos="44.89"/>
  <parkingArea id="parkingArea_283516316#6_0_223" lane="283516316#6_0" roadsideCapacity="12" startPos="47.82" endPos="52.82"/>
  <parkingArea id="parkingArea_283534317#5_0_128" lane="283534317#5_0" roadsideCapacity="13" startPos="38.73" endPos="43.73"/>
  <parkingArea id="parkingArea_287958606#0_0_353" lane="287958606#0_0" roadsideCapacity="20" startPos="75.65" endPos="80.65"/>
  <parkingArea id="parkingArea_287958607#2_0_249" lane="287958607#2_0" roadsideCapacity="28" startPos="47.38" endPos="52.38"/>
  <parkingArea id="parkingArea_28805009#4_0_277" lane="28805009#4_0" roadsideCapacity="12" startPos="9.02" endPos="14.02"/>
  <parkingArea id="parkingArea_28808425#0_0_215" lane="28808425#0_0" roadsideCapacity="3" startPos="34.97" endPos="39.97"/>
  <parkingArea id="parkingArea_28841117#0_0_271" lane="28841117#0_0" roadsideCapacity="20" startPos="46.97" endPos="51.97"/>
  <parkingArea id="parkingArea_28841120#0_0_272" lane="28841120#0_0" roadsideCapacity="8" startPos="71.22" endPos="76.22"/>
  <parkingArea id="parkingArea_28841122#0_0_268" lane="28841122#0_0" roadsideCapacity="40" startPos="40.71" endPos="45.71"/>
  <parkingArea id="parkingArea_30029560#5_0_291" lane="30029560#5_0" roadsideCapacity="2" startPos="74.01" endPos="79.01"/>
  <parkingArea id="parkingArea_30029708#1_0_36" lane="30029708#1_0" roadsideCapacity="15" startPos="53.30" endPos="58.30"/>
  <parkingArea id="parkingArea_30029867#0_0_354" lane="30029867#0_0" roadsideCapacity="11" startPos="22.16" endPos="27.16"/>
  <parkingArea id="parkingArea_30029867#2_0_34" lane="30029867#2_0" roadsideCapacity="11" startPos="56.70" endPos="61.70"/>
  <parkingArea id="parkingArea_30030485#0_0_286" lane="30030485#0_0" roadsideCapacity="15" startPos="46.97" endPos="51.97"/>
  <parkingArea id="parkingArea_30030485#0_0_287" lane="30030485#0_0" roadsideCapacity="11" startPos="46.97" endPos="51.97"/>
  <parkingArea id="parkingArea_30035682#1_0_357" lane="30035682#1_0" roadsideCapacity="4" startPos="145.37" endPos="150.37"/>
  <parkingArea id="parkingArea_31129732#0_0_117" lane="31129732#0_0" roadsideCapacity="12" startPos="168.79" endPos="173.79"/>
  <parkingArea id="parkingArea_329596844#1_0_355" lane="329596844#1_0" roadsideCapacity="4" startPos="67.15" endPos="72.15"/>
  <parkingArea id="parkingArea_34128471#0_0_5" lane="34128471#0_0" roadsideCapacity="28" startPos="61.38" endPos="66.38"/>
  <parkingArea id="parkingArea_35675861#0_0_89" lane="35675861#0_0" roadsideCapacity="10" startPos="26.21" endPos="31.21"/>
  <parkingArea id="parkingArea_359898157#0_0_206" lane="359898157#0_0" roadsideCapacity="4" startPos="27.68" endPos="32.68"/>
  <parkingArea id="parkingArea_359898620#0_0_228" lane="359898620#0_0" roadsideCapacity="1" startPos="92.71" endPos="97.71"/>
  <parkingArea id="parkingArea_359898620#3_0_227" lane="359898620#3_0" roadsideCapacity="4" startPos="168.50" endPos="173.50"/>
  <parkingArea id="parkingArea_359898620#3_0_229" lane="359898620#3_0" roadsideCapacity="8" startPos="333.27" endPos="338.27"/>
  <parkingArea id="parkingArea_359898620#6_0_230" lane="359898620#6_0" roadsideCapacity="7" startPos="18.06" endPos="23.06"/>
  <parkingArea id="parkingArea_359898623#0_0_226" lane="359898623#0_0" roadsideCapacity="4" startPos="64.02" endPos="69.02"/>
  <parkingArea id="parkingArea_37126390#2_0_38" lane="37126390#2_0" roadsideCapacity="52" startPos="49.03" endPos="54.03"/>
  <parkingArea id="parkingArea_37177689#6_0_148" lane="37177689#6_0" roadsideCapacity="20" startPos="120.81" endPos="125.81"/>
  <parkingArea id="parkingArea_37177789#0_0_124" lane="37177789#0_0" roadsideCapacity="24" startPos="131.35" endPos="136.35"/>
  <parkingArea id="parkingArea_47170567#1_0_194" lane="47170567#1_0" roadsideCapacity="6" startPos="74.65" endPos="79.65"/>
  <parkingArea id="parkingArea_47172745_0_65" lane="47172745_0" roadsideCapacity="20" startPos="54.06" endPos="59.06"/>
  <parkingArea id="parkingArea_48211230#0_0_213" lane="48211230#0_0" roadsideCapacity="4" startPos="55.49" endPos="60.49"/>
  <parkingArea id="parkingArea_84734271#3_0_307" lane="84734271#3_0" roadsideCapacity="16" startPos="73.74" endPos="78.74"/>
  <parkingArea id="parkingArea_84734271#5_0_308" lane="84734271#5_0" roadsideCapacity="4" startPos="81.14" endPos="86.14"/>
  <parkingArea id="parkingArea_84734271#6_0_309" lane="84734271#6_0" roadsideCapacity="17" startPos="77.86" endPos="82.86"/>
  <parkingArea id="parkingArea_84734271#7_0_335" lane="84734271#7_0" roadsideCapacity="12" startPos="75.58" endPos="80.58"/>
  <parkingArea id="parkingArea_84823308_0_164" lane="84823308_0" roadsideCapacity="24" startPos="123.61" endPos="133.61"/>
  <parkingArea id="parkingArea_86303763#10_0_306" lane="86303763#10_0" roadsideCapacity="4" startPos="72.08" endPos="77.08"/>
  <parkingArea id="parkingArea_86303763#11_0_304" lane="86303763#11_0" roadsideCapacity="8" startPos="75.10" endPos="80.10"/>
  <parkingArea id="parkingArea_86303763#2_0_336" lane="86303763#2_0" roadsideCapacity="6" startPos="71.03" endPos="76.03"/>
  <parkingArea id="parkingArea_87376660#1_0_274" lane="87376660#1_0" roadsideCapacity="2" startPos="24.16" endPos="29.16"/>
  <parkingArea id="parkingArea_87376666#0_0_289" lane="87376666#0_0" roadsideCapacity="19" startPos="45.53" endPos="50.53"/>
  <parkingArea id="parkingArea_88142686#2_0_31" lane="88142686#2_0" roadsideCapacity="8" startPos="49.52" endPos="54.52"/>
  <parkingArea id="parkingArea_88142687#1_0_40" lane="88142687#1_0" roadsideCapacity="12" startPos="354.78" endPos="359.78"/>
  <parkingArea id="parkingArea_88142690#2_0_39" lane="88142690#2_0" roadsideCapacity="28" startPos="31.98" endPos="36.98"/>
  <parkingArea id="parkingArea_88396403_0_21" lane="88396403_0" roadsideCapacity="17" startPos="11.33" endPos="16.33"/>
  <parkingArea id="parkingArea_88463829#0_0_44" lane="88463829#0_0" roadsideCapacity="32" startPos="83.29" endPos="88.29"/>
  <parkingArea id="parkingArea_88466055#0_0_43" lane="88466055#0_0" roadsideCapacity="40" startPos="47.22" endPos="52.22"/>
  <parkingArea id="parkingArea_88559650_0_90" lane="88559650_0" roadsideCapacity="10" startPos="29.51" endPos="34.51"/>
  <parkingArea id="parkingArea_88559691#4_0_101" lane="88559691#4_0" roadsideCapacity="52" startPos="106.51" endPos="111.51"/>
  <parkingArea id="parkingArea_88559702#1_0_106" lane="88559702#1_0" roadsideCapacity="32" startPos="5.48" endPos="10.48"/>
  <parkingArea id="parkingArea_88559702#2_0_105" lane="88559702#2_0" roadsideCapacity="4" startPos="55.56" endPos="60.56"/>
  <parkingArea id="parkingArea_88572877#0_0_74" lane="88572877#0_0" roadsideCapacity="24" startPos="138.71" endPos="143.71"/>
  <parkingArea id="parkingArea_88572895#0_0_138" lane="88572895#0_0" roadsideCapacity="16" startPos="97.73" endPos="102.73"/>
  <parkingArea id="parkingArea_88572905_0_78" lane="88572905_0" roadsideCapacity="4" startPos="83.73" endPos="88.73"/>
  <parkingArea id="parkingArea_88572914#0_0_175" lane="88572914#0_0" roadsideCapacity="12" startPos="136.58" endPos="146.58"/>
  <parkingArea id="parkingArea_88572932#2_0_135" lane="88572932#2_0" roadsideCapacity="12" startPos="47.30" endPos="52.30"/>
  <parkingArea id="parkingArea_88572941_0_149" lane="88572941_0" roadsideCapacity="12" startPos="124.76" endPos="134.76"/>
  <parkingArea id="parkingArea_88572943#1_0_179" lane="88572943#1_0" roadsideCapacity="4" startPos="57.14" endPos="62.14"/>
  <parkingArea id="parkingArea_88572965#0_0_102" lane="88572965#0_0" roadsideCapacity="20" startPos="79.77" endPos="84.77"/>
  <parkingArea id="parkingArea_88572970_0_68" lane="88572970_0" roadsideCapacity="20" startPos="53.10" endPos="58.10"/>
  <parkingArea id="parkingArea_88597563#0_0_59" lane="88597563#0_0" roadsideCapacity="20" startPos="95.88" endPos="100.88"/>
  <parkingArea id="parkingArea_88597575#1_0_242" lane="88597575#1_0" roadsideCapacity="12" startPos="43.31" endPos="48.31"/>
  <parkingArea id="parkingArea_88597577#0_0_72" lane="88597577#0_0" roadsideCapacity="20" startPos="95.77" endPos="100.77"/>
  <parkingArea id="parkingArea_8915759_0_159" lane="8915759_0" roadsideCapacity="4" startPos="11.33" endPos="21.33"/>
  <parkingArea id="parkingArea_8916375#1_0_238" lane="8916375#1_0" roadsideCapacity="4" startPos="46.41" endPos="51.41"/>
  <parkingArea id="parkingArea_8916563#2_0_220" lane="8916563#2_0" roadsideCapacity="13" startPos="53.62" endPos="58.62"/>
  <parkingArea id="parkingArea_8916765#1_0_32" lane="8916765#1_0" roadsideCapacity="52" startPos="32.05" endPos="37.05"/>
  <parkingArea id="parkingArea_8917174#1_0_199" lane="8917174#1_0" roadsideCapacity="48" startPos="83.90" endPos="88.90"/>
  <parkingArea id="parkingArea_8917500#0_0_193" lane="8917500#0_0" roadsideCapacity="4" startPos="69.40" endPos="74.40"/>
  <parkingArea id="parkingArea_8917791_0_192" lane="8917791_0" roadsideCapacity="8" startPos="88.41" endPos="93.41"/>
  <parkingArea id="parkingArea_8917959_0_178" lane="8917959_0" roadsideCapacity="4" startPos="42.66" endPos="47.66"/>
  <parkingArea id="parkingArea_8918460#0_0_56" lane="8918460#0_0" roadsideCapacity="40" startPos="89.18" endPos="94.18"/>
  <parkingArea id="parkingArea_8919179#0_0_356" lane="8919179#0_0" roadsideCapacity="20" startPos="40.14" endPos="45.14"/>
  <parkingArea id="parkingArea_8919205#17_0_207" lane="8919205#17_0" roadsideCapacity="4" startPos="46.39" endPos="51.39"/>
  <parkingArea id="parkingArea_8919328#1_0_104" lane="8919328#1_0" roadsideCapacity="19" startPos="105.83" endPos="110.83"/>
  <parkingArea id="parkingArea_8919948_0_189" lane="8919948_0" roadsideCapacity="12" startPos="98.37" endPos="103.37"/>
  <parkingArea id="parkingArea_8920394#1_0_100" lane="8920394#1_0" roadsideCapacity="8" startPos="151.33" endPos="156.33"/>
  <parkingArea id="parkingArea_8920452#0_0_156" lane="8920452#0_0" roadsideCapacity="4" startPos="58.68" endPos="68.68"/>
  <parkingArea id="parkingArea_8921141#0_0_177" lane="8921141#0_0" roadsideCapacity="20" startPos="103.20" endPos="108.20"/>
  <parkingArea id="parkingArea_8921255#1_0_13" lane="8921255#1_0" roadsideCapacity="40" startPos="18.90" endPos="23.90"/>
  <parkingArea id="parkingArea_8922024#5_0_225" lane="8922024#5_0" roadsideCapacity="24" startPos="46.40" endPos="51.40"/>
  <parkingArea id="parkingArea_8922164#1_0_320" lane="8922164#1_0" roadsideCapacity="8" startPos="77.46" endPos="82.46"/>
  <parkingArea id="parkingArea_8922164#2_0_318" lane="8922164#2_0" roadsideCapacity="12" startPos="75.31" endPos="80.31"/>
  <parkingArea id="parkingArea_8922164#4_0_315" lane="8922164#4_0" roadsideCapacity="17" startPos="74.85" endPos="79.85"/>
  <parkingArea id="parkingArea_8922229_0_357" lane="8922229_0" roadsideCapacity="48" startPos="73.11" endPos="83.11"/>
  <parkingArea id="parkingArea_8922271#0_0_231" lane="8922271#0_0" roadsideCapacity="40" startPos="73.49" endPos="78.49"/>
  <parkingArea id="parkingArea_8922307_0_62" lane="8922307_0" roadsideCapacity="8" startPos="97.63" endPos="102.63"/>
  <parkingArea id="parkingArea_90077241_0_41" lane="90077241_0" roadsideCapacity="20" startPos="2852.60" endPos="2857.60"/>
  <parkingArea id="parkingArea_91181770#0_0_81" lane="91181770#0_0" roadsideCapacity="12" startPos="57.74" endPos="62.74"/>
  <parkingArea id="parkingArea_91181771#0_0_77" lane="91181771#0_0" roadsideCapacity="24" startPos="126.37" endPos="131.37"/>
  <parkingArea id="parkingArea_91181771#16_0_137" lane="91181771#16_0" roadsideCapacity="4" startPos="124.91" endPos="129.91"/>
  <parkingArea id="parkingArea_91181771#24_0_173" lane="91181771#24_0" roadsideCapacity="16" startPos="61.55" endPos="71.55"/>
  <parkingArea id="parkingArea_91181771#26_0_181" lane="91181771#26_0" roadsideCapacity="6" startPos="91.07" endPos="96.07"/>
  <parkingArea id="parkingArea_91181772#0_0_205" lane="91181772#0_0" roadsideCapacity="13" startPos="52.57" endPos="57.57"/>
  <parkingArea id="parkingArea_91182062#0_0_253" lane="91182062#0_0" roadsideCapacity="40" startPos="19.11" endPos="29.11"/>
  <parkingArea id="parkingArea_91185861#0_0_2" lane="91185861#0_0" roadsideCapacity="20" startPos="63.47" endPos="68.47"/>
  <parkingArea id="parkingArea_91185861#1_0_12" lane="91185861#1_0" roadsideCapacity="20" startPos="71.59" endPos="76.59"/>
  <parkingArea id="parkingArea_99231460_0_88" lane="99231460_0" roadsideCapacity="16" startPos="58.86" endPos="63.86"/>
  <parkingArea id="parkingArea_99231475_0_55" lane="99231475_0" roadsideCapacity="20" startPos="47.54" endPos="52.54"/>
  <parkingArea id="parkingArea_99231482_0_58" lane="99231482_0" roadsideCapacity="20" startPos="59.03" endPos="64.03"/>
  <parkingArea id="parkingArea_gneE12_0_344" lane="gneE12_0" roadsideCapacity="12" startPos="144.16" endPos="149.16"/> 
</additional>
</deleteme>