<deleteme>
<additional>
  <parkingArea id="parkingArea_-87297164#4_0_288" edge="-87297164#4" district="0" />
  <parkingArea id="parkingArea_133376120#2_0_1323" edge="133376120#2" district="9" />
  <parkingArea id="parkingArea_133376120#2_0_1319" edge="133376120#2" district="9" />
  <parkingArea id="parkingArea_133376120#1_0_1030" edge="133376120#1" district="9" />
  <parkingArea id="parkingArea_133376120#0_0_1032" edge="133376120#0" district="9" />
  <parkingArea id="parkingArea_133376114#2_0_978" edge="133376114#2" district="9" />
  <parkingArea id="parkingArea_133376114#0_0_974" edge="133376114#0" district="9" />
  <parkingArea id="parkingArea_133376113#2_0_970" edge="133376113#2" district="9" />
  <parkingArea id="parkingArea_-8920093#1_0_1057" edge="-8920093#1" district="9" />
  <parkingArea id="parkingArea_-8920093#0_0_1059" edge="-8920093#0" district="9" />
  <parkingArea id="parkingArea_-8916567#0_0_1286" edge="-8916567#1" district="9" />
  <parkingArea id="parkingArea_-35977367#0_0_1259" edge="-35977367#0" district="9" />
  <parkingArea id="parkingArea_-30086740#1_0_1281" edge="-206679802#0" district="9" />
  <parkingArea id="parkingArea_-30029878#15_0_1053" edge="-30029878#15" district="9" />
  <parkingArea id="parkingArea_-30029878#10_0_1283" edge="-30029878#10" district="9" />
  <parkingArea id="parkingArea_-288065247#2_0_1069" edge="-288065247#2" district="9" />
  <parkingArea id="parkingArea_-288065247#1_0_1064" edge="-288065247#1" district="9" />
  <parkingArea id="parkingArea_-288065247#0_0_1054" edge="-288065247#0" district="9" />
  <parkingArea id="parkingArea_-288065246#2_0_1122" edge="-288065246#2" district="9" />
  <parkingArea id="parkingArea_-288065246#1_0_1120" edge="-288065246#1" district="9" />
  <parkingArea id="parkingArea_-28805009#9_0_1321" edge="-28805009#9" district="9" />
  <parkingArea id="parkingArea_-27166421#8_0_1033" edge="-27166421#8" district="9" />
  <parkingArea id="parkingArea_-27166421#6_0_1035" edge="-27166421#6" district="9" />
  <parkingArea id="parkingArea_-254758127#4_0_1249" edge="-254758127#4" district="9" />
  <parkingArea id="parkingArea_-254758127#3_0_1254" edge="-254758127#3" district="9" />
  <parkingArea id="parkingArea_-254758127#2_0_1260" edge="-254758127#2" district="9" />
  <parkingArea id="parkingArea_-254758127#1_0_1262" edge="-254758127#1" district="9" />
  <parkingArea id="parkingArea_-25372932#5_0_1125" edge="-25372932#5" district="9" />
  <parkingArea id="parkingArea_-24335483#6_0_1063" edge="-24335483#6" district="9" />
  <parkingArea id="parkingArea_-24335483#5_0_1061" edge="-24335483#5" district="9" />
  <parkingArea id="parkingArea_-24335483#3_0_972" edge="-24335483#3" district="9" />
  <parkingArea id="parkingArea_-133376120#4_0_1322" edge="-133376120#4" district="9" />
  <parkingArea id="parkingArea_-133376120#4_0_1318" edge="-133376120#4" district="9" />
  <parkingArea id="parkingArea_-133376120#1_0_1029" edge="-133376120#1" district="9" />
  <parkingArea id="parkingArea_-133376120#0_0_1031" edge="-133376120#0" district="9" />
  <parkingArea id="parkingArea_120256350#8_0_388" edge="120256350#8" district="8" />
  <parkingArea id="parkingArea_120256350#3_0_386" edge="120256350#3" district="8" />
  <parkingArea id="parkingArea_120256350#3_0_385" edge="120256350#3" district="8" />
  <parkingArea id="parkingArea_111319423_0_433" edge="111319423" district="8" />
  <parkingArea id="parkingArea_111049100#0_0_448" edge="111049100#0" district="8" />
  <parkingArea id="parkingArea_-99231486_0_446" edge="-99231486" district="8" />
  <parkingArea id="parkingArea_-99231475_0_428" edge="-99231475" district="8" />
  <parkingArea id="parkingArea_-8922307_0_554" edge="-8922307" district="8" />
  <parkingArea id="parkingArea_-8916922#4_0_424" edge="-8916922#4" district="8" />
  <parkingArea id="parkingArea_-88559691#6_0_518" edge="-88559691#6" district="8" />
  <parkingArea id="parkingArea_-27398032#0_0_399" edge="-27398032#2" district="8" />
  <parkingArea id="parkingArea_-27397692_0_397" edge="-27397692" district="8" />
  <parkingArea id="parkingArea_-254971064#1_0_426" edge="-254971064#1" district="8" />
  <parkingArea id="parkingArea_-242896157#3_0_434" edge="-242896157#3" district="8" />
  <parkingArea id="parkingArea_-242896157#0_0_442" edge="-242896157#0" district="8" />
  <parkingArea id="parkingArea_-225518512#1_0_517" edge="-225518512#1" district="8" />
  <parkingArea id="parkingArea_-225432462#1_0_429" edge="-225432462#1" district="8" />
  <parkingArea id="parkingArea_-202485361#1_0_445" edge="-202485361#1" district="8" />
  <parkingArea id="parkingArea_99231482_0_58" edge="99231482" district="8" />
  <parkingArea id="parkingArea_99231460_0_88" edge="99231460" district="8" />
  <parkingArea id="parkingArea_91181771#0_0_77" edge="91181771#0" district="8" />
  <parkingArea id="parkingArea_91181770#0_0_81" edge="91181770#0" district="8" />
  <parkingArea id="parkingArea_8922307_0_62" edge="8922307" district="8" />
  <parkingArea id="parkingArea_8919328#1_0_104" edge="8919328#1" district="8" />
  <parkingArea id="parkingArea_8918460#0_0_56" edge="8918460#0" district="8" />
  <parkingArea id="parkingArea_88559702#2_0_105" edge="88559702#2" district="8" />
  <parkingArea id="parkingArea_88559702#1_0_106" edge="88559702#1" district="8" />
  <parkingArea id="parkingArea_88559691#4_0_101" edge="88559691#4" district="8" />
  <parkingArea id="parkingArea_88466055#0_0_43" edge="88466055#0" district="8" />
  <parkingArea id="parkingArea_88463829#0_0_44" edge="88463829#0" district="8" />
  <parkingArea id="parkingArea_47172745_0_65" edge="47172745" district="8" />
  <parkingArea id="parkingArea_35675861#0_0_89" edge="35675861#0" district="8" />
  <parkingArea id="parkingArea_27397919_0_66" edge="27397919" district="8" />
  <parkingArea id="parkingArea_27397692_0_57" edge="27397692" district="8" />
  <parkingArea id="parkingArea_254299142#3_0_103" edge="254299142#3" district="8" />
  <parkingArea id="parkingArea_225518512#0_0_107" edge="225518512#0" district="8" />
  <parkingArea id="parkingArea_225518502#3_0_85" edge="225518502#3" district="8" />
  <parkingArea id="parkingArea_225518502#0_0_84" edge="225518502#0" district="8" />
  <parkingArea id="parkingArea_120256350#8_0_45" edge="120256350#8" district="8" />
  <parkingArea id="parkingArea_120256350#3_0_52" edge="120256350#3" district="8" />
  <parkingArea id="parkingArea_111319423_0_83" edge="111319423" district="8" />
  <parkingArea id="parkingArea_111049100#0_0_64" edge="111049100#0" district="8" />
  <parkingArea id="parkingArea_-p4#0_0_102" edge="-p4#0" district="8" />
  <parkingArea id="parkingArea_-8922307_0_63" edge="-8922307" district="8" />
  <parkingArea id="parkingArea_-8916922#4_0_52" edge="-8916922#4" district="8" />
  <parkingArea id="parkingArea_-88559691#6_0_82" edge="-88559691#6" district="8" />
  <parkingArea id="parkingArea_-225518512#1_0_109" edge="-225518512#1" district="8" />
  <parkingArea id="parkingArea_-225432462#1_0_61" edge="-225432462#1" district="8" />
  <parkingArea id="parkingArea_184956229#0_0_586" edge="184956229#0" district="7" />
  <parkingArea id="parkingArea_163784093_0_587" edge="163784093" district="7" />
  <parkingArea id="parkingArea_144489134#3_0_627" edge="144489134#3" district="7" />
  <parkingArea id="parkingArea_144489134#2_0_601" edge="144489134#2" district="7" />
  <parkingArea id="parkingArea_111586257_1_622" edge="111586257" district="7" />
  <parkingArea id="parkingArea_111586254#0_0_583" edge="111586254#0" district="7" />
  <parkingArea id="parkingArea_-84654238#5_0_641" edge="-84654238#5" district="7" />
  <parkingArea id="parkingArea_-28841122#0_0_582" edge="-28841122#0" district="7" />
  <parkingArea id="parkingArea_-24588081_0_645" edge="-24588081" district="7" />
  <parkingArea id="parkingArea_-228202845#2_0_628" edge="-228202845#2" district="7" />
  <parkingArea id="parkingArea_-184956229#1_0_585" edge="-184956229#1" district="7" />
  <parkingArea id="parkingArea_-111586254#3_0_584" edge="-111586254#3" district="7" />
  <parkingArea id="parkingArea_28841122#0_0_268" edge="28841122#0" district="7" />
  <parkingArea id="parkingArea_28841120#0_0_272" edge="28841120#0" district="7" />
  <parkingArea id="parkingArea_28841117#0_0_271" edge="28841117#0" district="7" />
  <parkingArea id="parkingArea_254297759#0_0_262" edge="254297759#0" district="7" />
  <parkingArea id="parkingArea_224316520#0_0_356" edge="224316520#0" district="7" />
  <parkingArea id="parkingArea_144489134#3_0_270" edge="144489134#3" district="7" />
  <parkingArea id="parkingArea_-p1#1_0_330" edge="-p1#1" district="7" />
  <parkingArea id="parkingArea_-228201785#0_0_110" edge="-228201785#0" district="7" />
  <parkingArea id="parkingArea_-111586254#3_0_269" edge="-111586254#3" district="7" />
  <parkingArea id="parkingArea_-88597577#2_0_514" edge="-88597577#2" district="6" />
  <parkingArea id="parkingArea_-88559691#3_0_515" edge="-88559691#3" district="6" />
  <parkingArea id="parkingArea_88572905_0_78" edge="88572905" district="6" />
  <parkingArea id="parkingArea_88572877#0_0_74" edge="88572877#0" district="6" />
  <parkingArea id="parkingArea_-88572877#6_0_76" edge="-88572877#6" district="6" />
  <parkingArea id="parkingArea_-88559691#3_0_75" edge="-88559691#3" district="6" />
  <parkingArea id="parkingArea_-224384018_0_73" edge="-224384018" district="6" />
  <parkingArea id="parkingArea_26938124#12_0_298" edge="26938124#12" district="5" />
  <parkingArea id="parkingArea_254758126#4_0_301" edge="254758126#4" district="5" />
  <parkingArea id="parkingArea_254758124#0_0_300" edge="254758124#0" district="5" />
  <parkingArea id="parkingArea_254758114#0_0_299" edge="254758114#0" district="5" />
  <parkingArea id="parkingArea_254297763#0_0_297" edge="254297763#0" district="5" />
  <parkingArea id="parkingArea_254297761#0_0_303" edge="254297761#0" district="5" />
  <parkingArea id="parkingArea_160325575#0_0_379" edge="160325575#0" district="44" />
  <parkingArea id="parkingArea_120256351_0_382" edge="120256351" district="44" />
  <parkingArea id="parkingArea_120256350#0_0_383" edge="120256350#0" district="44" />
  <parkingArea id="parkingArea_120256349_0_416" edge="120256349" district="44" />
  <parkingArea id="parkingArea_-27571801_0_415" edge="-27571801" district="44" />
  <parkingArea id="parkingArea_-160325571#1_0_380" edge="-160325571#1" district="44" />
  <parkingArea id="parkingArea_-120256349_0_417" edge="-120256349" district="44" />
  <parkingArea id="parkingArea_27397934#0_0_48" edge="27397934#0" district="44" />
  <parkingArea id="parkingArea_160325575#0_0_47" edge="160325575#0" district="44" />
  <parkingArea id="parkingArea_120256351_0_49" edge="120256351" district="44" />
  <parkingArea id="parkingArea_120256350#0_0_51" edge="120256350#0" district="44" />
  <parkingArea id="parkingArea_-27571801_0_50" edge="-27571801" district="44" />
  <parkingArea id="parkingArea_-254971068_0_334" edge="-254971068" district="43" />
  <parkingArea id="parkingArea_-254466686#4_0_360" edge="-254466686#4" district="43" />
  <parkingArea id="parkingArea_-254396719#1_0_336" edge="-254396719#1" district="43" />
  <parkingArea id="parkingArea_-254396709#1_0_358" edge="-254396709#1" district="43" />
  <parkingArea id="parkingArea_-224316527_0_332" edge="-224316527" district="43" />
  <parkingArea id="parkingArea_287958607#2_0_249" edge="287958607#2" district="43" />
  <parkingArea id="parkingArea_287958606#0_0_353" edge="287958606#0" district="43" />
  <parkingArea id="parkingArea_27054213#6_0_357" edge="27054213#6" district="43" />
  <parkingArea id="parkingArea_27054213#2_0_244" edge="27054213#2" district="43" />
  <parkingArea id="parkingArea_254756525#3_0_352" edge="254756525#3" district="43" />
  <parkingArea id="parkingArea_-287958606#1_0_355" edge="-287958606#1" district="43" />
  <parkingArea id="parkingArea_-254466686#4_0_245" edge="-254466686#4" district="43" />
  <parkingArea id="parkingArea_-254396719#1_0_246" edge="-254396719#1" district="43" />
  <parkingArea id="parkingArea_143617585#0_0_761" edge="143617585#0" district="42" />
  <parkingArea id="parkingArea_143617584_0_719" edge="143617584" district="42" />
  <parkingArea id="parkingArea_121785555_0_538" edge="121785555" district="42" />
  <parkingArea id="parkingArea_-8920934_0_766" edge="-8920934" district="42" />
  <parkingArea id="parkingArea_-264874017#5_0_750" edge="-264874017#5" district="42" />
  <parkingArea id="parkingArea_-264874017#2_0_741" edge="-264874017#2" district="42" />
  <parkingArea id="parkingArea_-214545530#7_0_701" edge="-214545530#7" district="42" />
  <parkingArea id="parkingArea_-214545530#6_0_699" edge="-214545530#6" district="42" />
  <parkingArea id="parkingArea_-214545530#3_0_697" edge="-214545530#3" district="42" />
  <parkingArea id="parkingArea_-214545530#2_0_695" edge="-214545530#2" district="42" />
  <parkingArea id="parkingArea_91181771#16_0_137" edge="91181771#16" district="42" />
  <parkingArea id="parkingArea_283534317#5_0_128" edge="283534317#5" district="42" />
  <parkingArea id="parkingArea_25657409#19_0_127" edge="25657409#19" district="42" />
  <parkingArea id="parkingArea_255168047#0_0_112" edge="255168047#0" district="42" />
  <parkingArea id="parkingArea_254299142#3_0_103" edge="254299142#3" district="42" />
  <parkingArea id="parkingArea_214545530#4_0_141" edge="214545530#4" district="42" />
  <parkingArea id="parkingArea_214545530#0_0_139" edge="214545530#0" district="42" />
  <parkingArea id="parkingArea_-8920242#0_0_115" edge="-8920242#0" district="42" />
  <parkingArea id="parkingArea_-91181759#1_0_614" edge="-91181759#1" district="41" />
  <parkingArea id="parkingArea_329596844#1_0_355" edge="329596844#1" district="41" />
  <parkingArea id="parkingArea_224316521#1_0_356" edge="224316521#1" district="41" />
  <parkingArea id="parkingArea_135110258#0_0_410" edge="179235223" district="40" />
  <parkingArea id="parkingArea_133735130#2_0_496" edge="133735130#2" district="40" />
  <parkingArea id="parkingArea_133735130#0_0_524" edge="133735130#0" district="40" />
  <parkingArea id="parkingArea_123741454#2_0_501" edge="123741454#2" district="40" />
  <parkingArea id="parkingArea_111550911#1_0_522" edge="111550911#1" district="40" />
  <parkingArea id="parkingArea_111550910#2_0_479" edge="111550910#2" district="40" />
  <parkingArea id="parkingArea_111550910#1_0_481" edge="111550910#1" district="40" />
  <parkingArea id="parkingArea_-8921907_0_473" edge="-8921907" district="40" />
  <parkingArea id="parkingArea_-8919615#0_0_489" edge="-8919615#0" district="40" />
  <parkingArea id="parkingArea_-88559702#2_0_505" edge="-88559702#2" district="40" />
  <parkingArea id="parkingArea_-88559702#0_0_455" edge="-88559702#0" district="40" />
  <parkingArea id="parkingArea_-88559680#5_0_475" edge="-88559680#5" district="40" />
  <parkingArea id="parkingArea_-88559680#4_0_486" edge="-88559680#4" district="40" />
  <parkingArea id="parkingArea_-88559661#2_0_413" edge="-88559661#2" district="40" />
  <parkingArea id="parkingArea_-88466055#1_0_464" edge="-88466055#1" district="40" />
  <parkingArea id="parkingArea_-88466055#0_0_437" edge="-88466055#0" district="40" />
  <parkingArea id="parkingArea_-35675861#1_0_460" edge="-35675861#1" district="40" />
  <parkingArea id="parkingArea_-35675861#0_0_462" edge="-35675861#0" district="40" />
  <parkingArea id="parkingArea_-283537644#1_0_457" edge="-283537644#1" district="40" />
  <parkingArea id="parkingArea_-283537552#1_0_459" edge="-283537552#1" district="40" />
  <parkingArea id="parkingArea_-27398032#0_0_399" edge="-27398032#2" district="40" />
  <parkingArea id="parkingArea_-255330036#9_0_493" edge="-255330036#9" district="40" />
  <parkingArea id="parkingArea_-255330036#7_0_494" edge="-255330036#7" district="40" />
  <parkingArea id="parkingArea_-255330036#13_0_407" edge="-255330036#13" district="40" />
  <parkingArea id="parkingArea_-135110258#0_0_409" edge="-43100086" district="40" />
  <parkingArea id="parkingArea_90077241_0_41" edge="90077241" district="40" />
  <parkingArea id="parkingArea_88559650_0_90" edge="88559650" district="40" />
  <parkingArea id="parkingArea_27397927_0_42" edge="27397927" district="40" />
  <parkingArea id="parkingArea_255330036#7_0_96" edge="255330036#7" district="40" />
  <parkingArea id="parkingArea_255330036#13_0_94" edge="255330036#13" district="40" />
  <parkingArea id="parkingArea_255330036#10_0_92" edge="255330036#10" district="40" />
  <parkingArea id="parkingArea_133735130#0_0_120" edge="133735130#0" district="40" />
  <parkingArea id="parkingArea_123741454#2_0_109" edge="123741454#2" district="40" />
  <parkingArea id="parkingArea_111550911#2_0_97" edge="111550911#2" district="40" />
  <parkingArea id="parkingArea_-283537644#1_0_86" edge="-283537644#1" district="40" />
  <parkingArea id="parkingArea_-283537552#1_0_87" edge="-283537552#1" district="40" />
  <parkingArea id="parkingArea_-255330036#12_0_93" edge="-255330036#12" district="40" />
  <parkingArea id="parkingArea_-255330036#11_0_91" edge="-255330036#11" district="40" />
  <parkingArea id="parkingArea_-174822357#1_0_95" edge="-174822357#1" district="40" />
  <parkingArea id="parkingArea_160325575#0_0_379" edge="160325575#0" district="4" />
  <parkingArea id="parkingArea_-8922024#2_0_303" edge="-8922024#2" district="4" />
  <parkingArea id="parkingArea_-47108420#3_0_302" edge="-47108420#3" district="4" />
  <parkingArea id="parkingArea_-28843496_0_300" edge="-28843496" district="4" />
  <parkingArea id="parkingArea_-283516316#6_0_40" edge="-283516316#6" district="4" />
  <parkingArea id="parkingArea_-283516316#3_0_42" edge="-283516316#3" district="4" />
  <parkingArea id="parkingArea_-28231602#1_0_19" edge="-28231602#1" district="4" />
  <parkingArea id="parkingArea_8919179#0_0_356" edge="8919179#0" district="4" />
  <parkingArea id="parkingArea_359898157#0_0_206" edge="359898157#0" district="4" />
  <parkingArea id="parkingArea_283516316#6_0_223" edge="283516316#6" district="4" />
  <parkingArea id="parkingArea_28319343#0_0_240" edge="28319343#0" district="4" />
  <parkingArea id="parkingArea_28231602#2_0_214" edge="28231602#2" district="4" />
  <parkingArea id="parkingArea_27398048#2_0_237" edge="27398048#2" district="4" />
  <parkingArea id="parkingArea_160325575#0_0_47" edge="160325575#0" district="4" />
  <parkingArea id="parkingArea_206662304#0_0_1330" edge="206662304#0" district="39" />
  <parkingArea id="parkingArea_148846997#0_0_1328" edge="148846997#0" district="39" />
  <parkingArea id="parkingArea_148846996#1_0_280" edge="148846996#1" district="39" />
  <parkingArea id="parkingArea_148846996#0_0_282" edge="148846996#0" district="39" />
  <parkingArea id="parkingArea_-87376695_0_602" edge="-87376695" district="39" />
  <parkingArea id="parkingArea_-87376660#1_0_605" edge="-87376660#1" district="39" />
  <parkingArea id="parkingArea_-48211487#1_0_81" edge="-48211487#1" district="39" />
  <parkingArea id="parkingArea_-30030283#3_0_1333" edge="-30030283#3" district="39" />
  <parkingArea id="parkingArea_-30030283#0_0_1345" edge="-30030283#0" district="39" />
  <parkingArea id="parkingArea_-30029703#9_0_1327" edge="-30029703#9" district="39" />
  <parkingArea id="parkingArea_-30029703#5_0_1317" edge="-30029703#5" district="39" />
  <parkingArea id="parkingArea_-30029703#10_0_1325" edge="-30029703#10" district="39" />
  <parkingArea id="parkingArea_-28841114#1_0_1340" edge="-28841114#1" district="39" />
  <parkingArea id="parkingArea_-28841114#0_0_1338" edge="-28841114#0" district="39" />
  <parkingArea id="parkingArea_-28805009#6_0_1335" edge="-28805009#6" district="39" />
  <parkingArea id="parkingArea_-28805009#3_0_1342" edge="-28805009#3" district="39" />
  <parkingArea id="parkingArea_-254756527_0_1337" edge="-254756527" district="39" />
  <parkingArea id="parkingArea_-24335487#2_0_1346" edge="-24335487#2" district="39" />
  <parkingArea id="parkingArea_-24335487#1_0_1350" edge="-24335487#1" district="39" />
  <parkingArea id="parkingArea_-24335487#0_0_1348" edge="-24335487#0" district="39" />
  <parkingArea id="parkingArea_-24335486#1_0_631" edge="-24335486#1" district="39" />
  <parkingArea id="parkingArea_-206662304#1_0_1331" edge="-206662304#1" district="39" />
  <parkingArea id="parkingArea_-148846997#1_0_1329" edge="-148846997#1" district="39" />
  <parkingArea id="parkingArea_-133376113#2_0_969" edge="-133376113#2" district="39" />
  <parkingArea id="parkingArea_87376660#1_0_274" edge="87376660#1" district="39" />
  <parkingArea id="parkingArea_28805009#4_0_277" edge="28805009#4" district="39" />
  <parkingArea id="parkingArea_24335487#2_0_281" edge="24335487#2" district="39" />
  <parkingArea id="parkingArea_24335487#1_0_278" edge="24335487#1" district="39" />
  <parkingArea id="parkingArea_148846996#1_0_282" edge="148846996#1" district="39" />
  <parkingArea id="parkingArea_148846995_0_284" edge="148846995" district="39" />
  <parkingArea id="parkingArea_-30030283#0_0_279" edge="-30030283#0" district="39" />
  <parkingArea id="parkingArea_-28841114#2_0_280" edge="-28841114#2" district="39" />
  <parkingArea id="parkingArea_-28805009#4_0_276" edge="-28805009#4" district="39" />
  <parkingArea id="parkingArea_-148846997#1_0_283" edge="-148846997#1" district="39" />
  <parkingArea id="parkingArea_-377646101#2_0_1022" edge="-377646101#2" district="38" />
  <parkingArea id="parkingArea_8922164#2_0_318" edge="8922164#2" district="38" />
  <parkingArea id="parkingArea_8922164#1_0_320" edge="8922164#1" district="38" />
  <parkingArea id="parkingArea_277480563#2_0_319" edge="277480563#2" district="38" />
  <parkingArea id="parkingArea_277480424#4_0_322" edge="277480424#4" district="38" />
  <parkingArea id="parkingArea_26938124#2_0_321" edge="26938124#2" district="38" />
  <parkingArea id="parkingArea_254759927#0_0_317" edge="254759927#0" district="38" />
  <parkingArea id="parkingArea_254448250_0_323" edge="254448250" district="38" />
  <parkingArea id="parkingArea_144346316#3_0_1164" edge="144346316#3" district="37" />
  <parkingArea id="parkingArea_144346316#0_0_1162" edge="144346316#0" district="37" />
  <parkingArea id="parkingArea_100400947#9_0_1167" edge="100400947#9" district="37" />
  <parkingArea id="parkingArea_100400947#7_0_1168" edge="100400947#7" district="37" />
  <parkingArea id="parkingArea_100400947#10_0_666" edge="100400947#10" district="37" />
  <parkingArea id="parkingArea_-254758121#3_0_1161" edge="-254758121#3" district="37" />
  <parkingArea id="parkingArea_-254758121#2_0_1157" edge="-254758121#2" district="37" />
  <parkingArea id="parkingArea_-25372932#3_0_1129" edge="-25372932#3" district="37" />
  <parkingArea id="parkingArea_-25372932#2_0_1131" edge="-25372932#2" district="37" />
  <parkingArea id="parkingArea_-144346316#5_0_665" edge="-144346316#5" district="37" />
  <parkingArea id="parkingArea_-144346316#4_0_1165" edge="-144346316#4" district="37" />
  <parkingArea id="parkingArea_-144346316#2_0_1163" edge="-144346316#2" district="37" />
  <parkingArea id="parkingArea_254756525#25_0_354" edge="254756525#25" district="37" />
  <parkingArea id="parkingArea_100400947#7_0_311" edge="100400947#7" district="37" />
  <parkingArea id="parkingArea_-144346316#5_0_340" edge="-144346316#5" district="37" />
  <parkingArea id="parkingArea_-144346316#4_0_339" edge="-144346316#4" district="37" />
  <parkingArea id="parkingArea_111552058#0_0_510" edge="111552058#0" district="36" />
  <parkingArea id="parkingArea_-88597577#2_0_514" edge="-88597577#2" district="36" />
  <parkingArea id="parkingArea_-88572965#0_0_511" edge="-88572965#0" district="36" />
  <parkingArea id="parkingArea_-88559691#3_0_515" edge="-88559691#3" district="36" />
  <parkingArea id="parkingArea_88597577#0_0_72" edge="88597577#0" district="36" />
  <parkingArea id="parkingArea_88572965#0_0_102" edge="88572965#0" district="36" />
  <parkingArea id="parkingArea_225806056_0_125" edge="225806056" district="36" />
  <parkingArea id="parkingArea_111560679#0_0_111" edge="111560679#0" district="36" />
  <parkingArea id="parkingArea_111552058#0_0_101" edge="111552058#0" district="36" />
  <parkingArea id="parkingArea_-88559691#3_0_75" edge="-88559691#3" district="36" />
  <parkingArea id="parkingArea_-228201785#0_0_110" edge="-228201785#0" district="36" />
  <parkingArea id="parkingArea_157812260#9_0_820" edge="157812260#9" district="35" />
  <parkingArea id="parkingArea_157812260#8_0_821" edge="157812260#8" district="35" />
  <parkingArea id="parkingArea_157812260#10_0_819" edge="157812260#10" district="35" />
  <parkingArea id="parkingArea_133781720_0_896" edge="133781720" district="35" />
  <parkingArea id="parkingArea_111560681#2_0_744" edge="111560681#2" district="35" />
  <parkingArea id="parkingArea_111050389#6_0_855" edge="111050389#6" district="35" />
  <parkingArea id="parkingArea_111050389#3_0_850" edge="111050389#3" district="35" />
  <parkingArea id="parkingArea_111049101_0_909" edge="111049101" district="35" />
  <parkingArea id="parkingArea_-8920780#1_0_753" edge="-8920780#1" district="35" />
  <parkingArea id="parkingArea_-8917174#0_0_906" edge="-8917174#0" district="35" />
  <parkingArea id="parkingArea_-43100739_0_743" edge="-43100739" district="35" />
  <parkingArea id="parkingArea_-264874017#5_0_750" edge="-264874017#5" district="35" />
  <parkingArea id="parkingArea_-264874017#4_0_748" edge="-264874017#4" district="35" />
  <parkingArea id="parkingArea_-24335440#1_0_943" edge="-24335440#1" district="35" />
  <parkingArea id="parkingArea_-24335440#0_0_941" edge="-24335440#0" district="35" />
  <parkingArea id="parkingArea_-111560681#2_0_745" edge="-111560681#2" district="35" />
  <parkingArea id="parkingArea_91181771#26_0_181" edge="91181771#26" district="35" />
  <parkingArea id="parkingArea_91181771#24_0_173" edge="91181771#24" district="35" />
  <parkingArea id="parkingArea_8919948_0_189" edge="8919948" district="35" />
  <parkingArea id="parkingArea_27029265#1_0_195" edge="27029265#1" district="35" />
  <parkingArea id="parkingArea_264874017#0_0_152" edge="264874017#0" district="35" />
  <parkingArea id="parkingArea_256787755#3_0_189" edge="256787755#3" district="35" />
  <parkingArea id="parkingArea_25657409#7_0_171" edge="25657409#7" district="35" />
  <parkingArea id="parkingArea_157812260#9_0_172" edge="157812260#9" district="35" />
  <parkingArea id="parkingArea_157812260#10_0_172" edge="157812260#10" district="35" />
  <parkingArea id="parkingArea_111050389#6_0_170" edge="111050389#6" district="35" />
  <parkingArea id="parkingArea_-264874017#4_0_140" edge="-264874017#4" district="35" />
  <parkingArea id="parkingArea_-111560681#2_0_153" edge="-111560681#2" district="35" />
  <parkingArea id="parkingArea_-88572970_0_420" edge="-88572970" district="34" />
  <parkingArea id="parkingArea_-256400251#1_0_419" edge="-256400251#1" district="34" />
  <parkingArea id="parkingArea_-111560682_0_418" edge="-111560682" district="34" />
  <parkingArea id="parkingArea_99231475_0_55" edge="99231475" district="34" />
  <parkingArea id="parkingArea_88597563#0_0_59" edge="88597563#0" district="34" />
  <parkingArea id="parkingArea_88572970_0_68" edge="88572970" district="34" />
  <parkingArea id="parkingArea_225432462#0_0_60" edge="225432462#0" district="34" />
  <parkingArea id="parkingArea_224373753_0_53" edge="224373753" district="34" />
  <parkingArea id="parkingArea_224373751_0_54" edge="224373751" district="34" />
  <parkingArea id="parkingArea_202317711_0_70" edge="202317711" district="34" />
  <parkingArea id="parkingArea_-88572970_0_67" edge="-88572970" district="34" />
  <parkingArea id="parkingArea_-228186482#1_0_69" edge="-228186482#1" district="34" />
  <parkingArea id="parkingArea_186400365_0_718" edge="186400365" district="33" />
  <parkingArea id="parkingArea_143666207#0_0_530" edge="143666207#0" district="33" />
  <parkingArea id="parkingArea_143617593_0_704" edge="143617593" district="33" />
  <parkingArea id="parkingArea_143617593_0_702" edge="143617593" district="33" />
  <parkingArea id="parkingArea_143617591_0_548" edge="143617591" district="33" />
  <parkingArea id="parkingArea_143617589#2_0_527" edge="143617589#2" district="33" />
  <parkingArea id="parkingArea_143617585#2_0_759" edge="143617585#2" district="33" />
  <parkingArea id="parkingArea_143617585#1_0_760" edge="143617585#1" district="33" />
  <parkingArea id="parkingArea_143617585#0_0_761" edge="143617585#0" district="33" />
  <parkingArea id="parkingArea_143617584_0_719" edge="143617584" district="33" />
  <parkingArea id="parkingArea_141688972#2_0_716" edge="141688972#2" district="33" />
  <parkingArea id="parkingArea_133735130#4_0_497" edge="133735130#4" district="33" />
  <parkingArea id="parkingArea_133735130#2_0_496" edge="133735130#2" district="33" />
  <parkingArea id="parkingArea_133735130#0_0_524" edge="133735130#0" district="33" />
  <parkingArea id="parkingArea_123741454#2_0_501" edge="123741454#2" district="33" />
  <parkingArea id="parkingArea_107674372#0_0_544" edge="107674372#0" district="33" />
  <parkingArea id="parkingArea_107674371#0_0_547" edge="107674371#0" district="33" />
  <parkingArea id="parkingArea_-8920154_0_770" edge="-8920154" district="33" />
  <parkingArea id="parkingArea_-8916788_0_768" edge="-8916788" district="33" />
  <parkingArea id="parkingArea_-8916184_0_717" edge="-8916184" district="33" />
  <parkingArea id="parkingArea_-7373736#1_0_715" edge="-7373736#1" district="33" />
  <parkingArea id="parkingArea_-255330036#3_0_529" edge="-255330036#3" district="33" />
  <parkingArea id="parkingArea_-254758139#3_0_709" edge="-254758139#3" district="33" />
  <parkingArea id="parkingArea_-254758139#0_0_707" edge="-254758139#0" district="33" />
  <parkingArea id="parkingArea_-254305050#1_0_773" edge="-254305050#1" district="33" />
  <parkingArea id="parkingArea_-254305050#0_0_774" edge="-254305050#0" district="33" />
  <parkingArea id="parkingArea_-162931811#1_0_713" edge="-162931811#1" district="33" />
  <parkingArea id="parkingArea_-162931811#0_0_711" edge="-162931811#0" district="33" />
  <parkingArea id="parkingArea_-143617593_0_705" edge="-143617593" district="33" />
  <parkingArea id="parkingArea_-143617593_0_703" edge="-143617593" district="33" />
  <parkingArea id="parkingArea_-143617589#2_0_526" edge="-143617589#2" district="33" />
  <parkingArea id="parkingArea_-143617587_0_714" edge="-143617587" district="33" />
  <parkingArea id="parkingArea_-141688972#1_0_798" edge="-141688972#1" district="33" />
  <parkingArea id="parkingArea_31129732#0_0_117" edge="31129732#0" district="33" />
  <parkingArea id="parkingArea_25758528#1_0_113" edge="25758528#1" district="33" />
  <parkingArea id="parkingArea_25758528#0_0_114" edge="25758528#0" district="33" />
  <parkingArea id="parkingArea_255330069#1_0_134" edge="255330069#1" district="33" />
  <parkingArea id="parkingArea_255330069#0_0_132" edge="255330069#0" district="33" />
  <parkingArea id="parkingArea_255330036#3_0_122" edge="255330036#3" district="33" />
  <parkingArea id="parkingArea_254308548#0_0_142" edge="254308548#0" district="33" />
  <parkingArea id="parkingArea_254299142#2_0_116" edge="254299142#2" district="33" />
  <parkingArea id="parkingArea_186400365_0_129" edge="186400365" district="33" />
  <parkingArea id="parkingArea_143617593_0_143" edge="143617593" district="33" />
  <parkingArea id="parkingArea_143617589#2_0_121" edge="143617589#2" district="33" />
  <parkingArea id="parkingArea_133735130#4_0_118" edge="133735130#4" district="33" />
  <parkingArea id="parkingArea_133735130#0_0_120" edge="133735130#0" district="33" />
  <parkingArea id="parkingArea_123741454#2_0_109" edge="123741454#2" district="33" />
  <parkingArea id="parkingArea_-7373736#1_0_131" edge="-7373736#1" district="33" />
  <parkingArea id="parkingArea_-255330036#3_0_119" edge="-255330036#3" district="33" />
  <parkingArea id="parkingArea_-254308553_0_144" edge="-254308553" district="33" />
  <parkingArea id="parkingArea_-143617587_0_133" edge="-143617587" district="33" />
  <parkingArea id="parkingArea_-141688972#2_0_130" edge="-141688972#2" district="33" />
  <parkingArea id="parkingArea_-141688972#1_0_145" edge="-141688972#1" district="33" />
  <parkingArea id="parkingArea_133733593#1_0_571" edge="133733593#1" district="32" />
  <parkingArea id="parkingArea_-8920734_0_330" edge="-8920734" district="32" />
  <parkingArea id="parkingArea_254306572#0_0_247" edge="254306572#0" district="32" />
  <parkingArea id="parkingArea_224316522#0_0_265" edge="224316522#0" district="32" />
  <parkingArea id="parkingArea_224316514#0_0_261" edge="224316514#0" district="32" />
  <parkingArea id="parkingArea_133733593#1_0_357" edge="133733593#1" district="32" />
  <parkingArea id="parkingArea_-8920734_0_356" edge="-8920734" district="32" />
  <parkingArea id="parkingArea_157812260#11_0_818" edge="157812260#11" district="31" />
  <parkingArea id="parkingArea_122498865_0_729" edge="122498865" district="31" />
  <parkingArea id="parkingArea_111547662#0_0_727" edge="111547662#0" district="31" />
  <parkingArea id="parkingArea_-88572941_0_734" edge="-88572941" district="31" />
  <parkingArea id="parkingArea_-88572932#2_0_732" edge="-88572932#2" district="31" />
  <parkingArea id="parkingArea_-88572901#2_0_736" edge="-88572901#2" district="31" />
  <parkingArea id="parkingArea_-88572895#2_0_693" edge="-88572895#2" district="31" />
  <parkingArea id="parkingArea_-85789166#3_0_691" edge="-85789166#3" district="31" />
  <parkingArea id="parkingArea_-122498865_0_730" edge="-122498865" district="31" />
  <parkingArea id="parkingArea_-111547662#2_0_728" edge="-111547662#2" district="31" />
  <parkingArea id="parkingArea_88572941_0_149" edge="88572941" district="31" />
  <parkingArea id="parkingArea_88572932#2_0_135" edge="88572932#2" district="31" />
  <parkingArea id="parkingArea_88572895#0_0_138" edge="88572895#0" district="31" />
  <parkingArea id="parkingArea_157812260#11_0_151" edge="157812260#11" district="31" />
  <parkingArea id="parkingArea_-p2#3_0_126" edge="-p2#3" district="31" />
  <parkingArea id="parkingArea_-88572941_0_150" edge="-88572941" district="31" />
  <parkingArea id="parkingArea_-88572932#2_0_136" edge="-88572932#2" district="31" />
  <parkingArea id="parkingArea_196831109#2_0_196" edge="196831109#2" district="30" />
  <parkingArea id="parkingArea_-8922024#5_0_55" edge="-8922024#5" district="30" />
  <parkingArea id="parkingArea_-8919608#8_0_68" edge="-8919608#8" district="30" />
  <parkingArea id="parkingArea_-8919608#6_0_70" edge="-8919608#6" district="30" />
  <parkingArea id="parkingArea_-8919608#5_0_71" edge="-8919608#5" district="30" />
  <parkingArea id="parkingArea_-8919118#0_0_129" edge="-8919118#0" district="30" />
  <parkingArea id="parkingArea_-8917205#2_0_97" edge="-8917205#2" district="30" />
  <parkingArea id="parkingArea_-8917205#1_0_99" edge="-8917205#1" district="30" />
  <parkingArea id="parkingArea_-8916563#4_0_50" edge="-8916563#4" district="30" />
  <parkingArea id="parkingArea_-8916563#2_0_48" edge="-8916563#2" district="30" />
  <parkingArea id="parkingArea_-8916563#1_0_52" edge="-8916563#1" district="30" />
  <parkingArea id="parkingArea_-48211381#2_0_101" edge="-8917205#1" district="30" />
  <parkingArea id="parkingArea_-283516316#9_0_38" edge="-283516316#9" district="30" />
  <parkingArea id="parkingArea_-28231602#6_0_73" edge="-28231602#6" district="30" />
  <parkingArea id="parkingArea_-28231602#5_0_57" edge="-28231602#5" district="30" />
  <parkingArea id="parkingArea_-28231602#1_0_19" edge="-28231602#1" district="30" />
  <parkingArea id="parkingArea_-224384010#1_0_36" edge="-224384010#1" district="30" />
  <parkingArea id="parkingArea_8922271#0_0_231" edge="8922271#0" district="30" />
  <parkingArea id="parkingArea_8922024#5_0_225" edge="8922024#5" district="30" />
  <parkingArea id="parkingArea_8916563#2_0_220" edge="8916563#2" district="30" />
  <parkingArea id="parkingArea_88142690#2_0_39" edge="88142690#2" district="30" />
  <parkingArea id="parkingArea_88142687#1_0_40" edge="88142687#1" district="30" />
  <parkingArea id="parkingArea_48211230#0_0_213" edge="48211230#0" district="30" />
  <parkingArea id="parkingArea_37126390#2_0_38" edge="37126390#2" district="30" />
  <parkingArea id="parkingArea_359898623#0_0_226" edge="359898623#0" district="30" />
  <parkingArea id="parkingArea_359898620#6_0_230" edge="359898620#6" district="30" />
  <parkingArea id="parkingArea_359898620#3_0_229" edge="359898620#3" district="30" />
  <parkingArea id="parkingArea_359898620#3_0_227" edge="359898620#3" district="30" />
  <parkingArea id="parkingArea_359898620#0_0_228" edge="359898620#0" district="30" />
  <parkingArea id="parkingArea_283516316#6_0_223" edge="283516316#6" district="30" />
  <parkingArea id="parkingArea_224384010#1_0_218" edge="224384010#1" district="30" />
  <parkingArea id="parkingArea_-8922024#5_0_224" edge="-8922024#5" district="30" />
  <parkingArea id="parkingArea_-8916563#4_0_219" edge="-8916563#4" district="30" />
  <parkingArea id="parkingArea_-8916563#1_0_222" edge="-8916563#1" district="30" />
  <parkingArea id="parkingArea_-28231602#5_0_221" edge="-28231602#5" district="30" />
  <parkingArea id="parkingArea_148874365#0_0_88" edge="148874365#0" district="3" />
  <parkingArea id="parkingArea_148874364#1_0_285" edge="148874364#1" district="3" />
  <parkingArea id="parkingArea_148847001#0_0_160" edge="148847001#0" district="3" />
  <parkingArea id="parkingArea_148847000#5_0_143" edge="148847000#5" district="3" />
  <parkingArea id="parkingArea_148846999#2_0_135" edge="148846999#2" district="3" />
  <parkingArea id="parkingArea_148846999#0_0_136" edge="148846999#0" district="3" />
  <parkingArea id="parkingArea_148846998#0_0_103" edge="148846998#0" district="3" />
  <parkingArea id="parkingArea_146155885_0_156" edge="146155885" district="3" />
  <parkingArea id="parkingArea_143666209#6_0_164" edge="143666209#6" district="3" />
  <parkingArea id="parkingArea_-91185869_0_139" edge="-91185869" district="3" />
  <parkingArea id="parkingArea_-8922580#0_0_189" edge="-8922580#0" district="3" />
  <parkingArea id="parkingArea_-8919609#4_0_66" edge="-8919609#4" district="3" />
  <parkingArea id="parkingArea_-8917675#3_0_108" edge="-8917675#3" district="3" />
  <parkingArea id="parkingArea_-8917421_0_126" edge="-8917421" district="3" />
  <parkingArea id="parkingArea_-8916453_0_91" edge="-8916453" district="3" />
  <parkingArea id="parkingArea_-48211062#6_0_148" edge="-48211062#6" district="3" />
  <parkingArea id="parkingArea_-48211062#4_0_150" edge="-48211062#5" district="3" />
  <parkingArea id="parkingArea_-48211062#3_0_152" edge="-48211062#3" district="3" />
  <parkingArea id="parkingArea_-48211062#2_0_154" edge="-48211062#2" district="3" />
  <parkingArea id="parkingArea_-48163189_0_90" edge="-25603425" district="3" />
  <parkingArea id="parkingArea_-30030485#2_0_161" edge="-30030485#2" district="3" />
  <parkingArea id="parkingArea_-30030485#1_0_146" edge="-30030485#1" district="3" />
  <parkingArea id="parkingArea_-28808571#8_0_117" edge="-28808571#9" district="3" />
  <parkingArea id="parkingArea_-28808571#6_0_118" edge="-28808571#6" district="3" />
  <parkingArea id="parkingArea_-28808571#4_0_121" edge="-28808571#4" district="3" />
  <parkingArea id="parkingArea_-28808571#2_0_122" edge="-28808571#2" district="3" />
  <parkingArea id="parkingArea_-23924510#0_0_186" edge="-23924510#0" district="3" />
  <parkingArea id="parkingArea_-23924509#0_0_157" edge="-23924509#0" district="3" />
  <parkingArea id="parkingArea_-23924508#2_0_141" edge="-23924508#2" district="3" />
  <parkingArea id="parkingArea_-148874365#1_0_89" edge="-148874365#1" district="3" />
  <parkingArea id="parkingArea_-148847001#1_0_159" edge="-148847001#1" district="3" />
  <parkingArea id="parkingArea_-148847000#5_0_144" edge="-148847000#5" district="3" />
  <parkingArea id="parkingArea_-148846999#2_0_134" edge="-148846999#2" district="3" />
  <parkingArea id="parkingArea_-148846999#1_0_137" edge="-148846999#1" district="3" />
  <parkingArea id="parkingArea_-146155885_0_155" edge="-48211062#0" district="3" />
  <parkingArea id="parkingArea_-143666209#6_0_163" edge="-143666209#6" district="3" />
  <parkingArea id="parkingArea_30030485#0_0_287" edge="30030485#0" district="3" />
  <parkingArea id="parkingArea_30030485#0_0_286" edge="30030485#0" district="3" />
  <parkingArea id="parkingArea_30029708#1_0_36" edge="30029708#1" district="3" />
  <parkingArea id="parkingArea_148846998#0_0_285" edge="148846998#0" district="3" />
  <parkingArea id="parkingArea_-23924510#0_0_37" edge="-23924510#0" district="3" />
  <parkingArea id="parkingArea_144489137#3_0_1181" edge="144489137#3" district="29" />
  <parkingArea id="parkingArea_144489137#2_0_1182" edge="144489137#2" district="29" />
  <parkingArea id="parkingArea_144489137#1_0_671" edge="144489137#1" district="29" />
  <parkingArea id="parkingArea_gneE12_0_344" edge="gneE12" district="29" />
  <parkingArea id="parkingArea_86303763#2_0_336" edge="86303763#2" district="29" />
  <parkingArea id="parkingArea_84734271#7_0_335" edge="84734271#7" district="29" />
  <parkingArea id="parkingArea_84734271#6_0_309" edge="84734271#6" district="29" />
  <parkingArea id="parkingArea_-8922640#1_0_24" edge="-8922640#1" district="28" />
  <parkingArea id="parkingArea_-26938155#2_0_5" edge="-26938155#2" district="28" />
  <parkingArea id="parkingArea_-26938155#0_0_1" edge="-26938155#0" district="28" />
  <parkingArea id="parkingArea_-254971069#1_0_340" edge="-254971069#1" district="28" />
  <parkingArea id="parkingArea_-254971056#1_0_278" edge="-254971056#1" district="28" />
  <parkingArea id="parkingArea_-254756526#1_0_338" edge="-254756526#1" district="28" />
  <parkingArea id="parkingArea_91182062#0_0_253" edge="91182062#0" district="28" />
  <parkingArea id="parkingArea_91181772#0_0_205" edge="91181772#0" district="28" />
  <parkingArea id="parkingArea_8922229_0_357" edge="8922229" district="28" />
  <parkingArea id="parkingArea_8919205#17_0_207" edge="8919205#17" district="28" />
  <parkingArea id="parkingArea_27054209#0_0_232" edge="27054209#0" district="28" />
  <parkingArea id="parkingArea_27054205#0_0_250" edge="27054205#0" district="28" />
  <parkingArea id="parkingArea_27054196_0_251" edge="27054196" district="28" />
  <parkingArea id="parkingArea_25372358#0_0_204" edge="25372358#0" district="28" />
  <parkingArea id="parkingArea_24245395#1_0_211" edge="24245395#1" district="28" />
  <parkingArea id="parkingArea_224384028#0_0_212" edge="224384028#0" district="28" />
  <parkingArea id="parkingArea_224384020#2_0_208" edge="224384020#2" district="28" />
  <parkingArea id="parkingArea_-8922640#1_0_252" edge="-8922640#1" district="28" />
  <parkingArea id="parkingArea_-254756526#1_0_233" edge="-254756526#1" district="28" />
  <parkingArea id="parkingArea_144489137#7_0_1104" edge="144489137#7" district="27" />
  <parkingArea id="parkingArea_-30832504_0_1023" edge="-30832504" district="27" />
  <parkingArea id="parkingArea_-290052331_0_643" edge="-290052331" district="27" />
  <parkingArea id="parkingArea_-24588081_0_645" edge="-24588081" district="27" />
  <parkingArea id="parkingArea_86303763#11_0_304" edge="86303763#11" district="27" />
  <parkingArea id="parkingArea_86303763#10_0_306" edge="86303763#10" district="27" />
  <parkingArea id="parkingArea_84734271#5_0_308" edge="84734271#5" district="27" />
  <parkingArea id="parkingArea_84734271#3_0_307" edge="84734271#3" district="27" />
  <parkingArea id="parkingArea_26938124#5_0_326" edge="26938124#5" district="27" />
  <parkingArea id="parkingArea_254758132#0_0_328" edge="254758132#0" district="27" />
  <parkingArea id="parkingArea_254758131#2_0_327" edge="254758131#2" district="27" />
  <parkingArea id="parkingArea_254758128#0_0_329" edge="254758128#0" district="27" />
  <parkingArea id="parkingArea_254758124#6_0_325" edge="254758124#6" district="27" />
  <parkingArea id="parkingArea_254297761#2_0_305" edge="254297761#2" district="27" />
  <parkingArea id="parkingArea_144489137#7_0_324" edge="144489137#7" district="27" />
  <parkingArea id="parkingArea_100400941#0_0_1084" edge="100400941#0" district="26" />
  <parkingArea id="parkingArea_-29059494_0_991" edge="-29059494" district="26" />
  <parkingArea id="parkingArea_-288065247#6_0_1081" edge="-288065247#6" district="26" />
  <parkingArea id="parkingArea_-288065247#5_0_1079" edge="-288065247#5" district="26" />
  <parkingArea id="parkingArea_-288065247#3_0_1073" edge="-288065247#3" district="26" />
  <parkingArea id="parkingArea_-288065247#2_0_1069" edge="-288065247#2" district="26" />
  <parkingArea id="parkingArea_-27166421#5_0_1037" edge="-27166421#5" district="26" />
  <parkingArea id="parkingArea_-27166421#4_0_1039" edge="-27166421#4" district="26" />
  <parkingArea id="parkingArea_-27166421#2_0_1041" edge="-27166421#2" district="26" />
  <parkingArea id="parkingArea_-25372932#4_0_1127" edge="-25372932#4" district="26" />
  <parkingArea id="parkingArea_-25372932#3_0_1129" edge="-25372932#3" district="26" />
  <parkingArea id="parkingArea_-25372932#2_0_1131" edge="-25372932#2" district="26" />
  <parkingArea id="parkingArea_-100400942#1_0_635" edge="-100400942#1" district="26" />
  <parkingArea id="parkingArea_-100400942#0_0_637" edge="-100400942#0" district="26" />
  <parkingArea id="parkingArea_30029560#5_0_291" edge="30029560#5" district="26" />
  <parkingArea id="parkingArea_254756525#15_0_292" edge="254756525#15" district="26" />
  <parkingArea id="parkingArea_-27166421#2_0_296" edge="-27166421#2" district="26" />
  <parkingArea id="parkingArea_196831123#2_0_220" edge="196831123#2" district="25" />
  <parkingArea id="parkingArea_196831123#1_0_222" edge="196831123#1" district="25" />
  <parkingArea id="parkingArea_196831109#2_0_196" edge="196831109#2" district="25" />
  <parkingArea id="parkingArea_148847001#8_0_256" edge="148847001#8" district="25" />
  <parkingArea id="parkingArea_148847001#5_0_245" edge="148847001#5" district="25" />
  <parkingArea id="parkingArea_148847001#4_0_234" edge="148847001#4" district="25" />
  <parkingArea id="parkingArea_148847001#3_0_179" edge="148847001#2" district="25" />
  <parkingArea id="parkingArea_143666209#5_0_183" edge="143666209#4" district="25" />
  <parkingArea id="parkingArea_143666209#3_0_226" edge="143666209#3" district="25" />
  <parkingArea id="parkingArea_143666209#2_0_224" edge="143666209#2" district="25" />
  <parkingArea id="parkingArea_143666209#1_0_240" edge="143666209#1" district="25" />
  <parkingArea id="parkingArea_143666208#0_0_257" edge="143666208#0" district="25" />
  <parkingArea id="parkingArea_-91185861#1_0_275" edge="-91185861#1" district="25" />
  <parkingArea id="parkingArea_-91185861#0_0_273" edge="-91185861#0" district="25" />
  <parkingArea id="parkingArea_-8922580#0_0_189" edge="-8922580#0" district="25" />
  <parkingArea id="parkingArea_-8921255#1_0_264" edge="-8921255#1" district="25" />
  <parkingArea id="parkingArea_-8920980#1_0_278" edge="-8920980#1" district="25" />
  <parkingArea id="parkingArea_-8919519#2_0_266" edge="-8919519#2" district="25" />
  <parkingArea id="parkingArea_-8917984_0_268" edge="-8917984" district="25" />
  <parkingArea id="parkingArea_-8916768#7_0_168" edge="-8916768#7" district="25" />
  <parkingArea id="parkingArea_-8916768#6_0_171" edge="-8916768#6" district="25" />
  <parkingArea id="parkingArea_-8916768#5_0_172" edge="-8916768#5" district="25" />
  <parkingArea id="parkingArea_-8916768#1_0_174" edge="-8916768#1" district="25" />
  <parkingArea id="parkingArea_-8916768#12_0_166" edge="-8916768#12" district="25" />
  <parkingArea id="parkingArea_-8916765#1_0_277" edge="-8916765#1" district="25" />
  <parkingArea id="parkingArea_-34128718#1_0_239" edge="-34128718#1" district="25" />
  <parkingArea id="parkingArea_-34128713#0_0_260" edge="-34128713#0" district="25" />
  <parkingArea id="parkingArea_-34128712_0_251" edge="-34128712" district="25" />
  <parkingArea id="parkingArea_-34128471#1_0_253" edge="-34128471#1" district="25" />
  <parkingArea id="parkingArea_-34128468#1_0_269" edge="-34128468#1" district="25" />
  <parkingArea id="parkingArea_-30030485#5_0_229" edge="-30030485#5" district="25" />
  <parkingArea id="parkingArea_-30030485#4_0_231" edge="-30030485#4" district="25" />
  <parkingArea id="parkingArea_-30030485#3_0_181" edge="-30030485#3" district="25" />
  <parkingArea id="parkingArea_-30029846#0_0_291" edge="-30029846#0" district="25" />
  <parkingArea id="parkingArea_-30029721#1_0_184" edge="-30029721#1" district="25" />
  <parkingArea id="parkingArea_-28805168_0_175" edge="-28805168" district="25" />
  <parkingArea id="parkingArea_-27570802#1_0_277" edge="-27570802#1" district="25" />
  <parkingArea id="parkingArea_-27570798#4_0_237" edge="-27570798#4" district="25" />
  <parkingArea id="parkingArea_-27570798#0_0_262" edge="-27570798#1" district="25" />
  <parkingArea id="parkingArea_-27570786#1_0_247" edge="-27570786#1" district="25" />
  <parkingArea id="parkingArea_-27570786#0_0_249" edge="-27570786#1" district="25" />
  <parkingArea id="parkingArea_-27400588#2_0_270" edge="-27400588#2" district="25" />
  <parkingArea id="parkingArea_-27054184#1_0_292" edge="-27054184#1" district="25" />
  <parkingArea id="parkingArea_-255168048#4_0_211" edge="-255168048#4" district="25" />
  <parkingArea id="parkingArea_-255168048#3_0_213" edge="-255168048#3" district="25" />
  <parkingArea id="parkingArea_-255168048#2_0_215" edge="-255168048#2" district="25" />
  <parkingArea id="parkingArea_-254982299_0_219" edge="-254982299" district="25" />
  <parkingArea id="parkingArea_-254299128#0_0_242" edge="-254299128#0" district="25" />
  <parkingArea id="parkingArea_-254299125_0_217" edge="-254299125" district="25" />
  <parkingArea id="parkingArea_-254299113#3_0_198" edge="-254299113#3" district="25" />
  <parkingArea id="parkingArea_-254299113#2_0_201" edge="-254299113#2" district="25" />
  <parkingArea id="parkingArea_-254299113#0_0_202" edge="-254299113#0" district="25" />
  <parkingArea id="parkingArea_-254299112#2_0_205" edge="-254299112#2" district="25" />
  <parkingArea id="parkingArea_-254299112#1_0_207" edge="-254299112#1" district="25" />
  <parkingArea id="parkingArea_-254299112#0_0_209" edge="-254299112#0" district="25" />
  <parkingArea id="parkingArea_-23924510#2_0_193" edge="-23924510#2" district="25" />
  <parkingArea id="parkingArea_-196831123#2_0_221" edge="-196831123#2" district="25" />
  <parkingArea id="parkingArea_-196831123#1_0_223" edge="-196831123#1" district="25" />
  <parkingArea id="parkingArea_-148847001#8_0_255" edge="-148847001#8" district="25" />
  <parkingArea id="parkingArea_-148847001#5_0_244" edge="-148847001#5" district="25" />
  <parkingArea id="parkingArea_-148847001#4_0_233" edge="-148847001#4" district="25" />
  <parkingArea id="parkingArea_-148847001#3_0_178" edge="-148847001#3" district="25" />
  <parkingArea id="parkingArea_-143666209#5_0_182" edge="-143666209#5" district="25" />
  <parkingArea id="parkingArea_-143666209#3_0_227" edge="-143666209#3" district="25" />
  <parkingArea id="parkingArea_-143666209#2_0_225" edge="-143666209#2" district="25" />
  <parkingArea id="parkingArea_-143666209#1_0_241" edge="-143666209#1" district="25" />
  <parkingArea id="parkingArea_-143666208#0_0_258" edge="-143666208#0" district="25" />
  <parkingArea id="parkingArea_91185861#1_0_12" edge="91185861#1" district="25" />
  <parkingArea id="parkingArea_91185861#0_0_2" edge="91185861#0" district="25" />
  <parkingArea id="parkingArea_8922271#0_0_231" edge="8922271#0" district="25" />
  <parkingArea id="parkingArea_8921255#1_0_13" edge="8921255#1" district="25" />
  <parkingArea id="parkingArea_8916765#1_0_32" edge="8916765#1" district="25" />
  <parkingArea id="parkingArea_88396403_0_21" edge="88396403" district="25" />
  <parkingArea id="parkingArea_88142686#2_0_31" edge="88142686#2" district="25" />
  <parkingArea id="parkingArea_34128471#0_0_5" edge="34128471#0" district="25" />
  <parkingArea id="parkingArea_30029867#2_0_34" edge="30029867#2" district="25" />
  <parkingArea id="parkingArea_27570802#1_0_20" edge="27570802#1" district="25" />
  <parkingArea id="parkingArea_27400588#0_0_3" edge="27400588#0" district="25" />
  <parkingArea id="parkingArea_255168048#4_0_17" edge="255168048#4" district="25" />
  <parkingArea id="parkingArea_255168048#3_0_15" edge="255168048#3" district="25" />
  <parkingArea id="parkingArea_255168048#0_0_7" edge="255168048#0" district="25" />
  <parkingArea id="parkingArea_254982299_0_25" edge="254982299" district="25" />
  <parkingArea id="parkingArea_254299125_0_8" edge="254299125" district="25" />
  <parkingArea id="parkingArea_254299113#3_0_355" edge="254299113#3" district="25" />
  <parkingArea id="parkingArea_254299113#0_0_10" edge="254299113#0" district="25" />
  <parkingArea id="parkingArea_254299112#2_0_27" edge="254299112#2" district="25" />
  <parkingArea id="parkingArea_254299112#1_0_28" edge="254299112#1" district="25" />
  <parkingArea id="parkingArea_196831123#2_0_29" edge="196831123#2" district="25" />
  <parkingArea id="parkingArea_143666208#0_0_6" edge="143666208#0" district="25" />
  <parkingArea id="parkingArea_143666206_0_5" edge="143666206" district="25" />
  <parkingArea id="parkingArea_-8916765#1_0_33" edge="-8916765#1" district="25" />
  <parkingArea id="parkingArea_-34128712_0_14" edge="-34128712" district="25" />
  <parkingArea id="parkingArea_-30831816#3_0_24" edge="-30831816#3" district="25" />
  <parkingArea id="parkingArea_-30029846#0_0_354" edge="-30029846#0" district="25" />
  <parkingArea id="parkingArea_-30029721#1_0_35" edge="-30029721#1" district="25" />
  <parkingArea id="parkingArea_-255168048#4_0_18" edge="-255168048#4" district="25" />
  <parkingArea id="parkingArea_-255168048#3_0_16" edge="-255168048#3" district="25" />
  <parkingArea id="parkingArea_-255168048#2_0_9" edge="-255168048#2" district="25" />
  <parkingArea id="parkingArea_-254299113#0_0_11" edge="-254299113#0" district="25" />
  <parkingArea id="parkingArea_-148847001#8_0_30" edge="-148847001#8" district="25" />
  <parkingArea id="parkingArea_-148847001#5_0_26" edge="-148847001#5" district="25" />
  <parkingArea id="parkingArea_-143666209#2_0_12" edge="-143666209#2" district="25" />
  <parkingArea id="parkingArea_157812260#11_0_818" edge="157812260#11" district="24" />
  <parkingArea id="parkingArea_111050389#0_0_847" edge="111050389#0" district="24" />
  <parkingArea id="parkingArea_-8916930_0_881" edge="-8916930" district="24" />
  <parkingArea id="parkingArea_-88572914#2_0_837" edge="-88572914#2" district="24" />
  <parkingArea id="parkingArea_-88572887#1_0_841" edge="-88572887#1" district="24" />
  <parkingArea id="parkingArea_-88572887#0_0_839" edge="-88572887#0" district="24" />
  <parkingArea id="parkingArea_-88572874#2_0_888" edge="-88572874#2" district="24" />
  <parkingArea id="parkingArea_-88572874#1_0_886" edge="-88572874#1" district="24" />
  <parkingArea id="parkingArea_-88572874#0_0_884" edge="-88572874#0" district="24" />
  <parkingArea id="parkingArea_-27029263_0_890" edge="-27029263" district="24" />
  <parkingArea id="parkingArea_8921141#0_0_177" edge="8921141#0" district="24" />
  <parkingArea id="parkingArea_8917959_0_178" edge="8917959" district="24" />
  <parkingArea id="parkingArea_8917791_0_192" edge="8917791" district="24" />
  <parkingArea id="parkingArea_8917500#0_0_193" edge="8917500#0" district="24" />
  <parkingArea id="parkingArea_88572943#1_0_179" edge="88572943#1" district="24" />
  <parkingArea id="parkingArea_88572914#0_0_175" edge="88572914#0" district="24" />
  <parkingArea id="parkingArea_47170567#1_0_194" edge="47170567#1" district="24" />
  <parkingArea id="parkingArea_157812260#11_0_151" edge="157812260#11" district="24" />
  <parkingArea id="parkingArea_-8916930_0_191" edge="-8916930" district="24" />
  <parkingArea id="parkingArea_-88572914#2_0_174" edge="-88572914#2" district="24" />
  <parkingArea id="parkingArea_-88572887#0_0_180" edge="-88572887#0" district="24" />
  <parkingArea id="parkingArea_-88572874#2_0_188" edge="-88572874#2" district="24" />
  <parkingArea id="parkingArea_-225847526_0_176" edge="-225847526" district="24" />
  <parkingArea id="parkingArea_-204963504_0_187" edge="-204963504" district="24" />
  <parkingArea id="parkingArea_100400947#6_0_1088" edge="100400947#6" district="23" />
  <parkingArea id="parkingArea_100400947#5_0_1087" edge="100400947#5" district="23" />
  <parkingArea id="parkingArea_100400947#4_0_1089" edge="100400947#4" district="23" />
  <parkingArea id="parkingArea_100400947#2_0_1001" edge="100400947#2" district="23" />
  <parkingArea id="parkingArea_100400947#1_0_1002" edge="100400947#1" district="23" />
  <parkingArea id="parkingArea_100400946_0_992" edge="100400946" district="23" />
  <parkingArea id="parkingArea_100400942#0_0_636" edge="100400942#0" district="23" />
  <parkingArea id="parkingArea_100400941#1_0_1082" edge="100400941#1" district="23" />
  <parkingArea id="parkingArea_100400941#0_0_1084" edge="100400941#0" district="23" />
  <parkingArea id="parkingArea_-91181760#2_0_997" edge="-91181760#2" district="23" />
  <parkingArea id="parkingArea_-91181760#0_0_995" edge="-91181760#0" district="23" />
  <parkingArea id="parkingArea_-91181759#5_0_615" edge="-91181759#5" district="23" />
  <parkingArea id="parkingArea_-286003243#1_0_639" edge="-286003243#1" district="23" />
  <parkingArea id="parkingArea_-100400946_0_993" edge="-100400946" district="23" />
  <parkingArea id="parkingArea_-100400942#0_0_637" edge="-100400942#0" district="23" />
  <parkingArea id="parkingArea_-100400941#1_0_1083" edge="-100400941#1" district="23" />
  <parkingArea id="parkingArea_-100400941#0_0_1085" edge="-100400941#0" district="23" />
  <parkingArea id="parkingArea_27397539#0_0_295" edge="27397539#0" district="23" />
  <parkingArea id="parkingArea_-91181760#0_0_294" edge="-91181760#0" district="23" />
  <parkingArea id="parkingArea_-100400946_0_293" edge="-100400946" district="23" />
  <parkingArea id="parkingArea_-84823308_0_835" edge="-84823308" district="22" />
  <parkingArea id="parkingArea_-23883761_0_833" edge="-23883761" district="22" />
  <parkingArea id="parkingArea_-23883760_0_832" edge="-23883760" district="22" />
  <parkingArea id="parkingArea_84823308_0_164" edge="84823308" district="22" />
  <parkingArea id="parkingArea_23883761_0_165" edge="23883761" district="22" />
  <parkingArea id="parkingArea_-84823308_0_162" edge="-84823308" district="22" />
  <parkingArea id="parkingArea_-28518571#0_0_166" edge="-28518571#0" district="22" />
  <parkingArea id="parkingArea_-27167281#1_0_163" edge="-27167281#1" district="22" />
  <parkingArea id="parkingArea_224316521#3_0_354" edge="224316521#3" district="21" />
  <parkingArea id="parkingArea_-8916767#0_0_1217" edge="-8916767#0" district="20" />
  <parkingArea id="parkingArea_-88396418#0_0_1206" edge="-88396418#0" district="20" />
  <parkingArea id="parkingArea_-48211062#12_0_1220" edge="-48211062#12" district="20" />
  <parkingArea id="parkingArea_-30025866#1_0_1231" edge="-30025866#1" district="20" />
  <parkingArea id="parkingArea_-27570802#1_0_277" edge="-27570802#1" district="20" />
  <parkingArea id="parkingArea_-27570786#1_0_247" edge="-27570786#1" district="20" />
  <parkingArea id="parkingArea_-27570786#0_0_249" edge="-27570786#1" district="20" />
  <parkingArea id="parkingArea_-27054184#1_0_292" edge="-27054184#1" district="20" />
  <parkingArea id="parkingArea_-254758127#8_0_1233" edge="-254758127#9" district="20" />
  <parkingArea id="parkingArea_-254758127#17_0_1213" edge="-254758127#17" district="20" />
  <parkingArea id="parkingArea_-254758127#14_0_1221" edge="-254758127#14" district="20" />
  <parkingArea id="parkingArea_-254758127#11_0_1225" edge="-254758127#11" district="20" />
  <parkingArea id="parkingArea_-254297762#1_0_1205" edge="-254297762#2" district="20" />
  <parkingArea id="parkingArea_27570802#1_0_20" edge="27570802#1" district="20" />
  <parkingArea id="parkingArea_-27570786#2_0_23" edge="-27570786#2" district="20" />
  <parkingArea id="parkingArea_100400942#1_0_634" edge="100400942#1" district="2" />
  <parkingArea id="parkingArea_100400942#0_0_636" edge="100400942#0" district="2" />
  <parkingArea id="parkingArea_-91182067_0_982" edge="-91182067" district="2" />
  <parkingArea id="parkingArea_-30035647#1_0_633" edge="-30035647#1" district="2" />
  <parkingArea id="parkingArea_-258613674#1_0_611" edge="-258613674#1" district="2" />
  <parkingArea id="parkingArea_-24335485#3_0_967" edge="-24335485#3" district="2" />
  <parkingArea id="parkingArea_-133376114#2_0_977" edge="-133376114#2" district="2" />
  <parkingArea id="parkingArea_-133376114#1_0_973" edge="-133376114#1" district="2" />
  <parkingArea id="parkingArea_262943780#4_0_275" edge="262943780#4" district="2" />
  <parkingArea id="parkingArea_224384020#8_0_266" edge="224384020#8" district="2" />
  <parkingArea id="parkingArea_100400942#1_0_276" edge="100400942#1" district="2" />
  <parkingArea id="parkingArea_-91185877#1_0_79" edge="-91185877#1" district="19" />
  <parkingArea id="parkingArea_-91185877#0_0_28" edge="-91185877#0" district="19" />
  <parkingArea id="parkingArea_262943780#4_0_275" edge="262943780#4" district="19" />
  <parkingArea id="parkingArea_262943780#0_0_254" edge="262943780#0" district="19" />
  <parkingArea id="parkingArea_224384020#8_0_266" edge="224384020#8" district="19" />
  <parkingArea id="parkingArea_254759937#0_0_343" edge="254759937#0" district="18" />
  <parkingArea id="parkingArea_254758115#0_0_310" edge="254758115#0" district="18" />
  <parkingArea id="parkingArea_254396707#8_0_338" edge="254396707#8" district="18" />
  <parkingArea id="parkingArea_254396707#7_0_341" edge="254396707#7" district="18" />
  <parkingArea id="parkingArea_254297763#6_0_342" edge="254297763#6" district="18" />
  <parkingArea id="parkingArea_254297763#4_0_337" edge="254297763#4" district="18" />
  <parkingArea id="parkingArea_191296172#1_0_951" edge="191296172#1" district="17" />
  <parkingArea id="parkingArea_191296172#0_0_955" edge="191296172#0" district="17" />
  <parkingArea id="parkingArea_111089307#4_0_960" edge="111089307#4" district="17" />
  <parkingArea id="parkingArea_111089307#3_0_959" edge="111089307#3" district="17" />
  <parkingArea id="parkingArea_111089307#2_0_949" edge="111089307#2" district="17" />
  <parkingArea id="parkingArea_111089307#1_0_947" edge="111089307#1" district="17" />
  <parkingArea id="parkingArea_111089307#0_0_937" edge="111089307#0" district="17" />
  <parkingArea id="parkingArea_-8917174#1_0_945" edge="-8917174#1" district="17" />
  <parkingArea id="parkingArea_-8916048_0_957" edge="-8916048" district="17" />
  <parkingArea id="parkingArea_-27029246_0_952" edge="-27029246" district="17" />
  <parkingArea id="parkingArea_-27029200#2_0_965" edge="-27029200#2" district="17" />
  <parkingArea id="parkingArea_-27029200#1_0_963" edge="-27029200#1" district="17" />
  <parkingArea id="parkingArea_-25371463_0_928" edge="-25371463" district="17" />
  <parkingArea id="parkingArea_-24335439#2_0_919" edge="-24335439#2" district="17" />
  <parkingArea id="parkingArea_-24335439#1_0_925" edge="-24335439#1" district="17" />
  <parkingArea id="parkingArea_-24335439#0_0_930" edge="-24335439#0" district="17" />
  <parkingArea id="parkingArea_-24310636#2_0_939" edge="-24310636#2" district="17" />
  <parkingArea id="parkingArea_-24310636#1_0_935" edge="-24310636#1" district="17" />
  <parkingArea id="parkingArea_-24310636#0_0_933" edge="-24310636#0" district="17" />
  <parkingArea id="parkingArea_-191296172#2_0_950" edge="-191296172#2" district="17" />
  <parkingArea id="parkingArea_-191296172#0_0_954" edge="-191296172#0" district="17" />
  <parkingArea id="parkingArea_-111089307#4_0_961" edge="-111089307#4" district="17" />
  <parkingArea id="parkingArea_-111089307#3_0_958" edge="-111089307#3" district="17" />
  <parkingArea id="parkingArea_-111089307#2_0_948" edge="-111089307#2" district="17" />
  <parkingArea id="parkingArea_-111089307#1_0_946" edge="-111089307#1" district="17" />
  <parkingArea id="parkingArea_-111089307#0_0_936" edge="-111089307#0" district="17" />
  <parkingArea id="parkingArea_8917174#1_0_199" edge="8917174#1" district="17" />
  <parkingArea id="parkingArea_24335441_0_197" edge="24335441" district="17" />
  <parkingArea id="parkingArea_23959829#1_0_198" edge="23959829#1" district="17" />
  <parkingArea id="parkingArea_-24310636#2_0_202" edge="-24310636#2" district="17" />
  <parkingArea id="parkingArea_-191296172#0_0_201" edge="-191296172#0" district="17" />
  <parkingArea id="parkingArea_-111089307#4_0_200" edge="-111089307#4" district="17" />
  <parkingArea id="parkingArea_142972028#1_0_688" edge="142972028#1" district="16" />
  <parkingArea id="parkingArea_133781759#1_0_682" edge="133781759#1" district="16" />
  <parkingArea id="parkingArea_133733582#2_0_683" edge="133733582#2" district="16" />
  <parkingArea id="parkingArea_-30832489_0_1186" edge="-30832489" district="16" />
  <parkingArea id="parkingArea_-27167270#1_0_1193" edge="-27167270#1" district="16" />
  <parkingArea id="parkingArea_-27167270#0_0_1195" edge="-27167270#0" district="16" />
  <parkingArea id="parkingArea_-26988030#3_0_1199" edge="-26988030#3" district="16" />
  <parkingArea id="parkingArea_-254758120#3_0_673" edge="-254758120#3" district="16" />
  <parkingArea id="parkingArea_-225853134_0_680" edge="-225853134" district="16" />
  <parkingArea id="parkingArea_-225853133_0_1202" edge="-225853133" district="16" />
  <parkingArea id="parkingArea_-225847513_0_675" edge="-225847513" district="16" />
  <parkingArea id="parkingArea_-133781759#1_0_681" edge="-133781759#1" district="16" />
  <parkingArea id="parkingArea_-133733582#3_0_684" edge="-133733582#3" district="16" />
  <parkingArea id="parkingArea_8922164#4_0_315" edge="8922164#4" district="16" />
  <parkingArea id="parkingArea_254759928#2_0_316" edge="254759928#2" district="16" />
  <parkingArea id="parkingArea_254759928#0_0_332" edge="254759928#0" district="16" />
  <parkingArea id="parkingArea_254758120#3_0_353" edge="254758120#3" district="16" />
  <parkingArea id="parkingArea_254758120#1_0_312" edge="254758120#1" district="16" />
  <parkingArea id="parkingArea_254448252#1_0_351" edge="254448252#1" district="16" />
  <parkingArea id="parkingArea_254448252#0_0_345" edge="254448252#0" district="16" />
  <parkingArea id="parkingArea_254448248_0_333" edge="254448248" district="16" />
  <parkingArea id="parkingArea_225853133_0_347" edge="225853133" district="16" />
  <parkingArea id="parkingArea_225847519#4_0_348" edge="225847519#4" district="16" />
  <parkingArea id="parkingArea_225847519#1_0_349" edge="225847519#1" district="16" />
  <parkingArea id="parkingArea_225847514_0_314" edge="225847514" district="16" />
  <parkingArea id="parkingArea_225806031#0_0_350" edge="225806031#0" district="16" />
  <parkingArea id="parkingArea_-30832489_0_334" edge="-30832489" district="16" />
  <parkingArea id="parkingArea_-254758120#1_0_313" edge="-254758120#1" district="16" />
  <parkingArea id="parkingArea_-133781759#1_0_346" edge="-133781759#1" district="16" />
  <parkingArea id="parkingArea_-26938418#3_0_1146" edge="-26938418#3" district="15" />
  <parkingArea id="parkingArea_-26938418#2_0_1142" edge="-26938418#2" district="15" />
  <parkingArea id="parkingArea_-26938418#1_0_1140" edge="-26938418#1" district="15" />
  <parkingArea id="parkingArea_-254758127#0_0_1119" edge="-254758127#0" district="15" />
  <parkingArea id="parkingArea_-254758121#0_0_1152" edge="-254758121#0" district="15" />
  <parkingArea id="parkingArea_-24335483#9_0_654" edge="-24335483#9" district="15" />
  <parkingArea id="parkingArea_-24335483#9_0_652" edge="-24335483#9" district="15" />
  <parkingArea id="parkingArea_-24335483#8_0_1144" edge="-24335483#8" district="15" />
  <parkingArea id="parkingArea_30035682#1_0_357" edge="30035682#1" district="15" />
  <parkingArea id="parkingArea_26938418#3_0_357" edge="26938418#3" district="15" />
  <parkingArea id="parkingArea_224384035#1_0_357" edge="224384035#1" district="15" />
  <parkingArea id="parkingArea_162931811#1_0_712" edge="162931811#1" district="14" />
  <parkingArea id="parkingArea_162931811#0_0_710" edge="162931811#0" district="14" />
  <parkingArea id="parkingArea_141688972#1_0_799" edge="141688972#1" district="14" />
  <parkingArea id="parkingArea_133755923#1_0_811" edge="133755923#1" district="14" />
  <parkingArea id="parkingArea_133755923#0_0_813" edge="133755923#0" district="14" />
  <parkingArea id="parkingArea_111550910#2_0_479" edge="111550910#2" district="14" />
  <parkingArea id="parkingArea_111550910#1_0_481" edge="111550910#1" district="14" />
  <parkingArea id="parkingArea_-7373736#0_0_806" edge="-7373736#0" district="14" />
  <parkingArea id="parkingArea_-7373728_0_809" edge="-7373728" district="14" />
  <parkingArea id="parkingArea_-37177689#9_0_831" edge="-37177689#9" district="14" />
  <parkingArea id="parkingArea_-37177689#9_0_815" edge="-37177689#9" district="14" />
  <parkingArea id="parkingArea_-37177689#5_0_814" edge="-37177689#5" district="14" />
  <parkingArea id="parkingArea_-37177689#11_0_829" edge="-37177689#11" district="14" />
  <parkingArea id="parkingArea_-224384059#0_0_477" edge="-224384059#0" district="14" />
  <parkingArea id="parkingArea_-133755923#1_0_810" edge="-133755923#1" district="14" />
  <parkingArea id="parkingArea_-111550911#1_0_521" edge="-111550911#1" district="14" />
  <parkingArea id="parkingArea_-111550910#2_0_478" edge="-111550910#2" district="14" />
  <parkingArea id="parkingArea_-111550910#1_0_480" edge="-111550910#1" district="14" />
  <parkingArea id="parkingArea_8920394#1_0_100" edge="8920394#1" district="14" />
  <parkingArea id="parkingArea_37177789#0_0_124" edge="37177789#0" district="14" />
  <parkingArea id="parkingArea_37177689#6_0_148" edge="37177689#6" district="14" />
  <parkingArea id="parkingArea_27145438#0_0_123" edge="27145438#0" district="14" />
  <parkingArea id="parkingArea_26943623_0_99" edge="26943623" district="14" />
  <parkingArea id="parkingArea_141688972#1_0_146" edge="141688972#1" district="14" />
  <parkingArea id="parkingArea_-7373736#0_0_147" edge="-7373736#0" district="14" />
  <parkingArea id="parkingArea_-111550911#2_0_98" edge="-111550911#2" district="14" />
  <parkingArea id="parkingArea_206662304#7_0_1241" edge="206662304#7" district="13" />
  <parkingArea id="parkingArea_206662304#5_0_1296" edge="206662304#5" district="13" />
  <parkingArea id="parkingArea_206662304#4_0_1314" edge="206662304#4" district="13" />
  <parkingArea id="parkingArea_148846997#7_0_1234" edge="148846997#7" district="13" />
  <parkingArea id="parkingArea_148846997#5_0_1294" edge="148846997#5" district="13" />
  <parkingArea id="parkingArea_148846997#4_0_1310" edge="148846997#4" district="13" />
  <parkingArea id="parkingArea_133376120#8_0_1313" edge="133376120#8" district="13" />
  <parkingArea id="parkingArea_133376120#13_0_1301" edge="133376120#13" district="13" />
  <parkingArea id="parkingArea_133376120#12_0_1303" edge="133376120#12" district="13" />
  <parkingArea id="parkingArea_-8917693_0_1292" edge="-8917693" district="13" />
  <parkingArea id="parkingArea_-8917692#1_0_1309" edge="-8917692#1" district="13" />
  <parkingArea id="parkingArea_-8916768#16_0_1211" edge="-8916768#16" district="13" />
  <parkingArea id="parkingArea_-88396418#0_0_1206" edge="-88396418#0" district="13" />
  <parkingArea id="parkingArea_-87297168_0_1209" edge="-87297168" district="13" />
  <parkingArea id="parkingArea_-48211196#6_0_1227" edge="-48211196#6" district="13" />
  <parkingArea id="parkingArea_-48211196#4_0_1292" edge="-48211196#4" district="13" />
  <parkingArea id="parkingArea_-48211196#2_0_1305" edge="-48211196#2" district="13" />
  <parkingArea id="parkingArea_-48211196#1_0_1307" edge="-48211196#2" district="13" />
  <parkingArea id="parkingArea_-48211062#11_0_1215" edge="-48211062#11" district="13" />
  <parkingArea id="parkingArea_-48211062#10_0_1288" edge="-48211062#10" district="13" />
  <parkingArea id="parkingArea_-331111652#2_0_1224" edge="-331111652#2" district="13" />
  <parkingArea id="parkingArea_-331111652#1_0_1290" edge="-331111652#1" district="13" />
  <parkingArea id="parkingArea_-331111652#0_0_1298" edge="-331111652#0" district="13" />
  <parkingArea id="parkingArea_-30086740#1_0_1281" edge="-206679802#0" district="13" />
  <parkingArea id="parkingArea_-30029878#9_0_1279" edge="-30029878#9" district="13" />
  <parkingArea id="parkingArea_-30029878#7_0_1277" edge="-30029878#7" district="13" />
  <parkingArea id="parkingArea_-30029878#6_0_1274" edge="-30029878#6" district="13" />
  <parkingArea id="parkingArea_-30029878#5_0_1272" edge="-30029878#5" district="13" />
  <parkingArea id="parkingArea_-30029878#3_0_1270" edge="-30029878#3" district="13" />
  <parkingArea id="parkingArea_-30029878#2_0_1268" edge="-30029878#2" district="13" />
  <parkingArea id="parkingArea_-30029878#0_0_1266" edge="-30029878#0" district="13" />
  <parkingArea id="parkingArea_-30029846#0_0_291" edge="-30029846#0" district="13" />
  <parkingArea id="parkingArea_-254758127#8_0_1233" edge="-254758127#9" district="13" />
  <parkingArea id="parkingArea_-254758127#7_0_1237" edge="-254758127#7" district="13" />
  <parkingArea id="parkingArea_-254758127#6_0_1240" edge="-254758127#7" district="13" />
  <parkingArea id="parkingArea_-254758127#5_0_1247" edge="-254758127#5" district="13" />
  <parkingArea id="parkingArea_-254758127#4_0_1249" edge="-254758127#4" district="13" />
  <parkingArea id="parkingArea_-254758127#17_0_1213" edge="-254758127#17" district="13" />
  <parkingArea id="parkingArea_-254758127#11_0_1225" edge="-254758127#11" district="13" />
  <parkingArea id="parkingArea_-206662304#8_0_1242" edge="-206662304#8" district="13" />
  <parkingArea id="parkingArea_-206662304#6_0_1297" edge="-206662304#6" district="13" />
  <parkingArea id="parkingArea_-206662304#4_0_1315" edge="-206662304#4" district="13" />
  <parkingArea id="parkingArea_-148846997#8_0_1235" edge="-148846997#8" district="13" />
  <parkingArea id="parkingArea_-148846997#6_0_1295" edge="-148846997#6" district="13" />
  <parkingArea id="parkingArea_-148846997#4_0_1311" edge="-148846997#4" district="13" />
  <parkingArea id="parkingArea_-133376120#9_0_1312" edge="-133376120#9" district="13" />
  <parkingArea id="parkingArea_-133376120#13_0_1300" edge="-133376120#13" district="13" />
  <parkingArea id="parkingArea_-133376120#12_0_1302" edge="-133376120#12" district="13" />
  <parkingArea id="parkingArea_30029867#2_0_34" edge="30029867#2" district="13" />
  <parkingArea id="parkingArea_30029867#0_0_354" edge="30029867#0" district="13" />
  <parkingArea id="parkingArea_-30029846#0_0_354" edge="-30029846#0" district="13" />
  <parkingArea id="parkingArea_148874365#6_0_85" edge="148874365#6" district="11" />
  <parkingArea id="parkingArea_148874365#2_0_87" edge="148874365#2" district="11" />
  <parkingArea id="parkingArea_148874364#0_0_283" edge="148874364#0" district="11" />
  <parkingArea id="parkingArea_148847005#0_0_83" edge="148847005#0" district="11" />
  <parkingArea id="parkingArea_148847000#0_0_113" edge="148847000#0" district="11" />
  <parkingArea id="parkingArea_148846996#1_0_280" edge="148846996#1" district="11" />
  <parkingArea id="parkingArea_148846996#0_0_282" edge="148846996#0" district="11" />
  <parkingArea id="parkingArea_-91185877#1_0_79" edge="-91185877#1" district="11" />
  <parkingArea id="parkingArea_-8919609#7_0_64" edge="-8919609#7" district="11" />
  <parkingArea id="parkingArea_-8919609#10_0_61" edge="-8919609#10" district="11" />
  <parkingArea id="parkingArea_-8917675#3_0_108" edge="-8917675#3" district="11" />
  <parkingArea id="parkingArea_-8916564_0_47" edge="-8916564" district="11" />
  <parkingArea id="parkingArea_-87376703#1_0_29" edge="-87376703#1" district="11" />
  <parkingArea id="parkingArea_-87376675#2_0_34" edge="-87376675#2" district="11" />
  <parkingArea id="parkingArea_-48211489_0_92" edge="-48211489" district="11" />
  <parkingArea id="parkingArea_-28805009#0_0_43" edge="-28805009#0" district="11" />
  <parkingArea id="parkingArea_-278995391#6_0_105" edge="-278995391#6" district="11" />
  <parkingArea id="parkingArea_-278995391#3_0_107" edge="-278995391#3" district="11" />
  <parkingArea id="parkingArea_-26938155#4_0_7" edge="-26938155#4" district="11" />
  <parkingArea id="parkingArea_-263819574#1_0_32" edge="-263819574#1" district="11" />
  <parkingArea id="parkingArea_-148874365#5_0_86" edge="-148874365#5" district="11" />
  <parkingArea id="parkingArea_-148874365#10_0_84" edge="-148874365#10" district="11" />
  <parkingArea id="parkingArea_-148847005#2_0_82" edge="-148847005#2" district="11" />
  <parkingArea id="parkingArea_-148847000#3_0_112" edge="-148847000#3" district="11" />
  <parkingArea id="parkingArea_28808425#0_0_215" edge="28808425#0" district="11" />
  <parkingArea id="parkingArea_263819574#0_0_216" edge="263819574#0" district="11" />
  <parkingArea id="parkingArea_254971070#0_0_217" edge="254971070#0" district="11" />
  <parkingArea id="parkingArea_224384028#0_0_212" edge="224384028#0" district="11" />
  <parkingArea id="parkingArea_148846996#1_0_282" edge="148846996#1" district="11" />
  <parkingArea id="parkingArea_-26938155#4_0_209" edge="-26938155#4" district="11" />
  <parkingArea id="parkingArea_-263819574#1_0_210" edge="-263819574#1" district="11" />
  <parkingArea id="parkingArea_186400366#9_0_863" edge="186400366#9" district="10" />
  <parkingArea id="parkingArea_186400366#8_0_860" edge="186400366#8" district="10" />
  <parkingArea id="parkingArea_186400366#2_0_859" edge="186400366#2" district="10" />
  <parkingArea id="parkingArea_186400366#1_0_879" edge="186400366#1" district="10" />
  <parkingArea id="parkingArea_186400366#12_0_864" edge="186400366#12" district="10" />
  <parkingArea id="parkingArea_162931810_0_878" edge="162931810" district="10" />
  <parkingArea id="parkingArea_157812260#7_0_822" edge="157812260#7" district="10" />
  <parkingArea id="parkingArea_157812260#5_0_823" edge="157812260#5" district="10" />
  <parkingArea id="parkingArea_157812260#3_0_824" edge="157812260#3" district="10" />
  <parkingArea id="parkingArea_157812260#0_0_825" edge="157812260#0" district="10" />
  <parkingArea id="parkingArea_133755923#0_0_813" edge="133755923#0" district="10" />
  <parkingArea id="parkingArea_-8920452#0_0_775" edge="-8920452#0" district="10" />
  <parkingArea id="parkingArea_-8919512_0_801" edge="-8919512" district="10" />
  <parkingArea id="parkingArea_-84823308_0_835" edge="-84823308" district="10" />
  <parkingArea id="parkingArea_-77449304_0_862" edge="-77449304" district="10" />
  <parkingArea id="parkingArea_-46622502_0_805" edge="-46622502" district="10" />
  <parkingArea id="parkingArea_-36331312#1_0_803" edge="-36331312#1" district="10" />
  <parkingArea id="parkingArea_-36331312#0_0_786" edge="-36331312#0" district="10" />
  <parkingArea id="parkingArea_-26943758#1_0_866" edge="-26943758#1" district="10" />
  <parkingArea id="parkingArea_-25758513_0_918" edge="-25758513" district="10" />
  <parkingArea id="parkingArea_-247966218#8_0_796" edge="-247966218#8" district="10" />
  <parkingArea id="parkingArea_-247966218#7_0_794" edge="-247966218#7" district="10" />
  <parkingArea id="parkingArea_-247966218#4_0_792" edge="-247966218#4" district="10" />
  <parkingArea id="parkingArea_-247966218#3_0_790" edge="-247966218#3" district="10" />
  <parkingArea id="parkingArea_-247966218#2_0_868" edge="-247966218#2" district="10" />
  <parkingArea id="parkingArea_-133755923#0_0_812" edge="-133755923#0" district="10" />
  <parkingArea id="parkingArea_8920452#0_0_156" edge="8920452#0" district="10" />
  <parkingArea id="parkingArea_8915759_0_159" edge="8915759" district="10" />
  <parkingArea id="parkingArea_84823308_0_164" edge="84823308" district="10" />
  <parkingArea id="parkingArea_27029265#3_0_196" edge="27029265#3" district="10" />
  <parkingArea id="parkingArea_26943758#0_0_186" edge="26943758#0" district="10" />
  <parkingArea id="parkingArea_254308553_0_157" edge="254308553" district="10" />
  <parkingArea id="parkingArea_186400366#9_0_168" edge="186400366#9" district="10" />
  <parkingArea id="parkingArea_186400366#1_0_190" edge="186400366#1" district="10" />
  <parkingArea id="parkingArea_162931810_0_184" edge="162931810" district="10" />
  <parkingArea id="parkingArea_123741465_0_169" edge="123741465" district="10" />
  <parkingArea id="parkingArea_123741454#0_0_155" edge="123741454#0" district="10" />
  <parkingArea id="parkingArea_111050389#11_0_183" edge="111050389#11" district="10" />
  <parkingArea id="parkingArea_-84823308_0_162" edge="-84823308" district="10" />
  <parkingArea id="parkingArea_-36331312#0_0_158" edge="-36331312#0" district="10" />
  <parkingArea id="parkingArea_-27167281#1_0_163" edge="-27167281#1" district="10" />
  <parkingArea id="parkingArea_-26943758#1_0_185" edge="-26943758#1" district="10" />
  <parkingArea id="parkingArea_-247966218#7_0_160" edge="-247966218#7" district="10" />
  <parkingArea id="parkingArea_-247966218#2_0_167" edge="-247966218#2" district="10" />
  <parkingArea id="parkingArea_-133755923#0_0_161" edge="-133755923#0" district="10" />
  <parkingArea id="parkingArea_-8916375#1_0_366" edge="-8916375#1" district="1" />
  <parkingArea id="parkingArea_-254466686#3_0_362" edge="-254466686#3" district="1" />
  <parkingArea id="parkingArea_-254466686#0_0_363" edge="-254466686#0" district="1" />
  <parkingArea id="parkingArea_8916375#1_0_238" edge="8916375#1" district="1" />
  <parkingArea id="parkingArea_88597575#1_0_242" edge="88597575#1" district="1" />
  <parkingArea id="parkingArea_28319343#0_0_240" edge="28319343#0" district="1" />
  <parkingArea id="parkingArea_254466686#0_0_241" edge="254466686#0" district="1" />
  <parkingArea id="parkingArea_254396710#1_0_239" edge="254396710#1" district="1" />
  <parkingArea id="parkingArea_228186482#0_0_71" edge="228186482#0" district="1" />
  <parkingArea id="parkingArea_224373753_0_53" edge="224373753" district="1" />
  <parkingArea id="parkingArea_224199018#3_0_234" edge="224199018#3" district="1" />
  <parkingArea id="parkingArea_224199018#2_0_235" edge="224199018#2" district="1" />
  <parkingArea id="parkingArea_224199018#1_0_236" edge="224199018#1" district="1" />
  <parkingArea id="parkingArea_202317711_0_70" edge="202317711" district="1" />
  <parkingArea id="parkingArea_-254466686#3_0_243" edge="-254466686#3" district="1" />
  <parkingArea id="parkingArea_206679802#4_0_658" edge="206679802#4" district="0" />
  <parkingArea id="parkingArea_206679802#3_0_1252" edge="206679802#2" district="0" />
  <parkingArea id="parkingArea_206662304#9_0_1243" edge="206662304#9" district="0" />
  <parkingArea id="parkingArea_206662304#13_0_660" edge="206662304#13" district="0" />
  <parkingArea id="parkingArea_206662304#10_0_1245" edge="206662304#9" district="0" />
  <parkingArea id="parkingArea_-35977367#2_0_655" edge="-35977367#2" district="0" />
  <parkingArea id="parkingArea_-35977367#1_0_1257" edge="-35977367#1" district="0" />
  <parkingArea id="parkingArea_-254758127#7_0_1237" edge="-254758127#7" district="0" />
  <parkingArea id="parkingArea_-254758127#6_0_1240" edge="-254758127#7" district="0" />
  <parkingArea id="parkingArea_-254758127#1_0_1262" edge="-254758127#1" district="0" />
  <parkingArea id="parkingArea_-206679802#4_0_657" edge="-206679802#4" district="0" />
  <parkingArea id="parkingArea_-206679802#3_0_1253" edge="-206679802#3" district="0" />
  <parkingArea id="parkingArea_-206662304#9_0_1244" edge="-206662304#10" district="0" />
  <parkingArea id="parkingArea_-206662304#13_0_659" edge="-206662304#13" district="0" />
  <parkingArea id="parkingArea_-206662304#10_0_1246" edge="-206662304#10" district="0" />
  <parkingArea id="parkingArea_87376666#0_0_289" edge="87376666#0" district="0" />
  <parkingArea id="parkingArea_206662304#13_0_290" edge="206662304#13" district="0" />
</additional>
</deleteme>