<?xml version="1.0" ?><!-- generated on Sun 07 Jul 2019 10:53:36 PM PDT by Eclipse SUMO netedit Version v1_1_0+0000-2147d155b1
<configuration xmlns:xsi="http://www.w3.org/2001/XMLSchema-instance" xsi:noNamespaceSchemaLocation="http://sumo.dlr.de/xsd/netconvertConfiguration.xsd">

    <input>
        <sumo-net-file value="san_francisco.net.xml"/>
    </input>

    <output>
        <output-file value="san_francisco.net.xml"/>
    </output>

    <processing>
        <geometry.max-grade.fix value="false"/>
        <offset.disable-normalization value="true"/>
        <lefthand value="false"/>
    </processing>

    <junctions>
        <no-internal-links value="true"/>
        <no-turnarounds value="true"/>
        <junctions.corner-detail value="0"/>
        <junctions.limit-turn-speed value="-1"/>
        <rectangular-lane-cut value="false"/>
    </junctions>

    <pedestrian>
        <walkingareas value="false"/>
    </pedestrian>

</configuration>
--><additional xmlns:xsi="http://www.w3.org/2001/XMLSchema-instance" xsi:noNamespaceSchemaLocation="http://sumo.dlr.de/xsd/additional_file.xsd">
    <parkingArea id="parkingArea_-100400941#0_0_1085" lane="-100400941#0_0" roadsideCapacity="19" startPos="23.35" endPos="118.35"/>
    <parkingArea id="parkingArea_-100400941#1_0_1083" lane="-100400941#1_0" roadsideCapacity="17" startPos="29.16" endPos="114.16"/>
    <parkingArea id="parkingArea_-100400942#0_0_637" lane="-100400942#0_0" roadsideCapacity="3" startPos="43.12" endPos="55.12"/>
    <parkingArea id="parkingArea_-100400942#1_0_635" lane="-100400942#1_0" roadsideCapacity="9" startPos="30.94" endPos="75.94"/>
    <parkingArea id="parkingArea_-100400946_0_993" lane="-100400946_0" roadsideCapacity="12" startPos="60.51" endPos="108.51"/>
    <parkingArea id="parkingArea_-111089307#0_0_936" lane="-111089307#0_0" roadsideCapacity="12" startPos="36.14" endPos="84.14"/>
    <parkingArea id="parkingArea_-111089307#1_0_946" lane="-111089307#1_0" roadsideCapacity="5" startPos="15.92" endPos="40.92"/>
    <parkingArea id="parkingArea_-111089307#2_0_948" lane="-111089307#2_0" roadsideCapacity="13" startPos="38.31" endPos="90.31"/>
    <parkingArea id="parkingArea_-111089307#3_0_958" lane="-111089307#3_0" roadsideCapacity="5" startPos="16.83" endPos="41.83"/>
    <parkingArea id="parkingArea_-111089307#4_0_961" lane="-111089307#4_0" roadsideCapacity="7" startPos="54.38" endPos="89.38"/>
    <parkingArea id="parkingArea_-111547662#2_0_728" lane="-111547662#2_0" roadsideCapacity="11" startPos="70.43" endPos="125.43"/>
    <parkingArea id="parkingArea_-111550910#1_0_480" lane="-111550910#1_0" roadsideCapacity="24" startPos="34.93" endPos="82.93"/>
    <parkingArea id="parkingArea_-111550910#2_0_478" lane="-111550910#2_0" roadsideCapacity="12" startPos="39.31" endPos="75.31"/>
    <parkingArea id="parkingArea_-111550911#1_0_521" lane="-111550911#1_0" roadsideCapacity="16" startPos="9.58" endPos="41.58"/>
    <parkingArea id="parkingArea_-111560681#2_0_745" lane="-111560681#2_0" roadsideCapacity="30" startPos="61.28" endPos="151.28"/>
    <parkingArea id="parkingArea_-111560682_0_418" lane="-111560682_0" roadsideCapacity="2" startPos="37.05" endPos="47.05"/>
    <parkingArea id="parkingArea_-111586254#3_0_584" lane="-111586254#3_0" roadsideCapacity="5" startPos="37.98" endPos="62.98"/>
    <parkingArea id="parkingArea_-120256349_0_417" lane="-120256349_0" roadsideCapacity="7" startPos="38.84" endPos="73.84"/>
    <parkingArea id="parkingArea_-122498865_0_730" lane="-122498865_0" roadsideCapacity="6" startPos="24.99" endPos="54.99"/>
    <parkingArea id="parkingArea_-133376113#2_0_969" lane="-133376113#2_0" roadsideCapacity="8" startPos="17.26" endPos="57.26"/>
    <parkingArea id="parkingArea_-133376114#1_0_973" lane="-133376114#1_0" roadsideCapacity="4" startPos="36.90" endPos="56.90"/>
    <parkingArea id="parkingArea_-133376114#2_0_977" lane="-133376114#2_0" roadsideCapacity="11" startPos="19.72" endPos="74.72"/>
    <parkingArea id="parkingArea_-133376120#0_0_1031" lane="-133376120#0_0" roadsideCapacity="4" startPos="15.32" endPos="35.32"/>
    <parkingArea id="parkingArea_-133376120#12_0_1302" lane="-133376120#12_0" roadsideCapacity="10" startPos="33.44" endPos="63.44"/>
    <parkingArea id="parkingArea_-133376120#13_0_1300" lane="-133376120#13_0" roadsideCapacity="9" startPos="29.55" endPos="56.55"/>
    <parkingArea id="parkingArea_-133376120#1_0_1029" lane="-133376120#1_0" roadsideCapacity="3" startPos="29.54" endPos="44.54"/>
    <parkingArea id="parkingArea_-133376120#4_0_1318" lane="-133376120#4_0" roadsideCapacity="12" startPos="33.54" endPos="69.54"/>
    <parkingArea id="parkingArea_-133376120#4_0_1322" lane="-133376120#4_0" roadsideCapacity="11" startPos="137.51" endPos="170.51"/>
    <parkingArea id="parkingArea_-133376120#9_0_1312" lane="-133376120#9_0" roadsideCapacity="11" startPos="18.80" endPos="51.80"/>
    <parkingArea id="parkingArea_-133733582#3_0_684" lane="-133733582#3_0" roadsideCapacity="9" startPos="54.71" endPos="99.71"/>
    <parkingArea id="parkingArea_-133755923#0_0_812" lane="-133755923#0_0" roadsideCapacity="42" startPos="105.40" endPos="187.40"/>
    <parkingArea id="parkingArea_-133755923#1_0_810" lane="-133755923#1_0" roadsideCapacity="35" startPos="68.66" endPos="138.66"/>
    <parkingArea id="parkingArea_-133781759#1_0_681" lane="-133781759#1_0" roadsideCapacity="11" startPos="19.64" endPos="52.64"/>
    <parkingArea id="parkingArea_-135110258#0_0_409" lane="-43100086_0" roadsideCapacity="32" startPos="267.78" endPos="299.78"/>
    <parkingArea id="parkingArea_-141688972#1_0_798" lane="-141688972#1_0" roadsideCapacity="22" startPos="53.53" endPos="163.53"/>
    <parkingArea id="parkingArea_-143617587_0_714" lane="-143617587_0" roadsideCapacity="60" startPos="76.20" endPos="196.20"/>
    <parkingArea id="parkingArea_-143617589#2_0_526" lane="-143617589#2_0" roadsideCapacity="13" startPos="7.04" endPos="33.04"/>
    <parkingArea id="parkingArea_-143617593_0_703" lane="-143617593_0" roadsideCapacity="1" startPos="159.31" endPos="164.31"/>
    <parkingArea id="parkingArea_-143617593_0_705" lane="-143617593_0" roadsideCapacity="6" startPos="28.19" endPos="58.19"/>
    <parkingArea id="parkingArea_-143666208#0_0_258" lane="-143666208#0_0" roadsideCapacity="9" startPos="40.48" endPos="85.48"/>
    <parkingArea id="parkingArea_-143666209#1_0_241" lane="-143666209#1_0" roadsideCapacity="12" startPos="38.30" endPos="74.30"/>
    <parkingArea id="parkingArea_-143666209#2_0_225" lane="-143666209#2_0" roadsideCapacity="5" startPos="9.23" endPos="34.23"/>
    <parkingArea id="parkingArea_-143666209#3_0_227" lane="-143666209#3_0" roadsideCapacity="5" startPos="15.80" endPos="40.80"/>
    <parkingArea id="parkingArea_-143666209#5_0_182" lane="-143666209#5_0" roadsideCapacity="10" startPos="30.97" endPos="60.97"/>
    <parkingArea id="parkingArea_-143666209#6_0_163" lane="-143666209#6_0" roadsideCapacity="10" startPos="30.99" endPos="80.99"/>
    <parkingArea id="parkingArea_-144346316#2_0_1163" lane="-144346316#2_0" roadsideCapacity="11" startPos="48.99" endPos="103.99"/>
    <parkingArea id="parkingArea_-144346316#4_0_1165" lane="-144346316#4_0" roadsideCapacity="14" startPos="70.67" endPos="112.67"/>
    <parkingArea id="parkingArea_-144346316#5_0_665" lane="-144346316#5_0" roadsideCapacity="25" startPos="41.05" endPos="105.05"/>
    <parkingArea id="parkingArea_-146155885_0_155" lane="-48211062#0_0" roadsideCapacity="2" startPos="143.58" endPos="151.58"/>
    <parkingArea id="parkingArea_-148846997#1_0_1329" lane="-148846997#1_0" roadsideCapacity="9" startPos="54.46" endPos="81.46"/>
    <parkingArea id="parkingArea_-148846997#4_0_1311" lane="-148846997#4_0" roadsideCapacity="16" startPos="38.57" endPos="102.57"/>
    <parkingArea id="parkingArea_-148846997#6_0_1295" lane="-148846997#6_0" roadsideCapacity="21" startPos="41.85" endPos="104.85"/>
    <parkingArea id="parkingArea_-148846997#8_0_1235" lane="-148846997#8_0" roadsideCapacity="17" startPos="68.53" endPos="119.53"/>
    <parkingArea id="parkingArea_-148846999#1_0_137" lane="-148846999#1_0" roadsideCapacity="21" startPos="53.13" endPos="116.13"/>
    <parkingArea id="parkingArea_-148846999#2_0_134" lane="-148846999#2_0" roadsideCapacity="15" startPos="48.36" endPos="93.36"/>
    <parkingArea id="parkingArea_-148847000#3_0_112" lane="-148847000#3_0" roadsideCapacity="13" startPos="18.22" endPos="70.22"/>
    <parkingArea id="parkingArea_-148847000#5_0_144" lane="-148847000#5_0" roadsideCapacity="8" startPos="35.95" endPos="75.95"/>
    <parkingArea id="parkingArea_-148847001#1_0_159" lane="-148847001#1_0" roadsideCapacity="6" startPos="41.10" endPos="65.10"/>
    <parkingArea id="parkingArea_-148847001#3_0_178" lane="-148847001#3_0" roadsideCapacity="10" startPos="31.68" endPos="71.68"/>
    <parkingArea id="parkingArea_-148847001#4_0_233" lane="-148847001#4_0" roadsideCapacity="9" startPos="29.82" endPos="74.82"/>
    <parkingArea id="parkingArea_-148847001#5_0_244" lane="-148847001#5_0" roadsideCapacity="11" startPos="30.52" endPos="63.52"/>
    <parkingArea id="parkingArea_-148847001#8_0_255" lane="-148847001#8_0" roadsideCapacity="5" startPos="22.06" endPos="47.06"/>
    <parkingArea id="parkingArea_-148847005#2_0_82" lane="-148847005#2_0" roadsideCapacity="4" startPos="38.47" endPos="54.47"/>
    <parkingArea id="parkingArea_-148874365#10_0_84" lane="-148874365#10_0" roadsideCapacity="16" startPos="35.24" endPos="99.24"/>
    <parkingArea id="parkingArea_-148874365#1_0_89" lane="-148874365#1_0" roadsideCapacity="16" startPos="33.73" endPos="97.73"/>
    <parkingArea id="parkingArea_-148874365#5_0_86" lane="-148874365#5_0" roadsideCapacity="12" startPos="36.27" endPos="84.27"/>
    <parkingArea id="parkingArea_-160325571#1_0_380" lane="-160325571#1_0" roadsideCapacity="6" startPos="174.59" endPos="198.59"/>
    <parkingArea id="parkingArea_-162931811#0_0_711" lane="-162931811#0_0" roadsideCapacity="8" startPos="36.13" endPos="76.13"/>
    <parkingArea id="parkingArea_-162931811#1_0_713" lane="-162931811#1_0" roadsideCapacity="10" startPos="26.39" endPos="76.39"/>
    <parkingArea id="parkingArea_-184956229#1_0_585" lane="-184956229#1_0" roadsideCapacity="10" startPos="17.94" endPos="57.94"/>
    <parkingArea id="parkingArea_-191296172#0_0_954" lane="-191296172#0_0" roadsideCapacity="12" startPos="42.36" endPos="78.36"/>
    <parkingArea id="parkingArea_-191296172#2_0_950" lane="-191296172#2_0" roadsideCapacity="10" startPos="51.11" endPos="101.11"/>
    <parkingArea id="parkingArea_-196831123#1_0_223" lane="-196831123#1_0" roadsideCapacity="15" startPos="39.00" endPos="99.00"/>
    <parkingArea id="parkingArea_-196831123#2_0_221" lane="-196831123#2_0" roadsideCapacity="17" startPos="50.09" endPos="118.09"/>
    <parkingArea id="parkingArea_-202485361#1_0_445" lane="-202485361#1_0" roadsideCapacity="9" startPos="36.70" endPos="76.70"/>
    <parkingArea id="parkingArea_-206662304#10_0_1246" lane="-206662304#10_0" roadsideCapacity="9" startPos="20.77" endPos="65.77"/>
    <parkingArea id="parkingArea_-206662304#13_0_659" lane="-206662304#13_0" roadsideCapacity="22" startPos="79.26" endPos="145.26"/>
    <parkingArea id="parkingArea_-206662304#1_0_1331" lane="-206662304#1_0" roadsideCapacity="14" startPos="48.25" endPos="90.25"/>
    <parkingArea id="parkingArea_-206662304#4_0_1315" lane="-206662304#4_0" roadsideCapacity="15" startPos="52.01" endPos="112.01"/>
    <parkingArea id="parkingArea_-206662304#6_0_1297" lane="-206662304#6_0" roadsideCapacity="11" startPos="55.70" endPos="88.70"/>
    <parkingArea id="parkingArea_-206662304#8_0_1242" lane="-206662304#8_0" roadsideCapacity="11" startPos="60.31" endPos="115.31"/>
    <parkingArea id="parkingArea_-206662304#9_0_1244" lane="-206662304#10_0" roadsideCapacity="5" startPos="97.25" endPos="117.25"/>
    <parkingArea id="parkingArea_-206679802#3_0_1253" lane="-206679802#3_0" roadsideCapacity="10" startPos="51.67" endPos="81.67"/>
    <parkingArea id="parkingArea_-206679802#4_0_657" lane="-206679802#4_0" roadsideCapacity="27" startPos="126.23" endPos="207.23"/>
    <parkingArea id="parkingArea_-214545530#2_0_695" lane="-214545530#2_0" roadsideCapacity="10" startPos="70.98" endPos="120.98"/>
    <parkingArea id="parkingArea_-214545530#3_0_697" lane="-214545530#3_0" roadsideCapacity="6" startPos="19.87" endPos="49.87"/>
    <parkingArea id="parkingArea_-214545530#6_0_699" lane="-214545530#6_0" roadsideCapacity="3" startPos="23.73" endPos="38.73"/>
    <parkingArea id="parkingArea_-214545530#7_0_701" lane="-214545530#7_0" roadsideCapacity="5" startPos="25.40" endPos="50.40"/>
    <parkingArea id="parkingArea_-224316527_0_332" lane="-224316527_0" roadsideCapacity="10" startPos="17.93" endPos="67.93"/>
    <parkingArea id="parkingArea_-224384010#1_0_36" lane="-224384010#1_0" roadsideCapacity="7" startPos="37.43" endPos="72.43"/>
    <parkingArea id="parkingArea_-224384059#0_0_477" lane="-224384059#0_0" roadsideCapacity="9" startPos="43.32" endPos="88.32"/>
    <parkingArea id="parkingArea_-225432462#1_0_429" lane="-225432462#1_0" roadsideCapacity="10" startPos="38.82" endPos="58.82"/>
    <parkingArea id="parkingArea_-225518512#1_0_517" lane="-225518512#1_0" roadsideCapacity="31" startPos="41.70" endPos="92.63"/>
    <parkingArea id="parkingArea_-225847513_0_675" lane="-225847513_0" roadsideCapacity="16" startPos="49.03" endPos="113.03"/>
    <parkingArea id="parkingArea_-225853133_0_1202" lane="-225853133_0" roadsideCapacity="12" startPos="42.17" endPos="90.17"/>
    <parkingArea id="parkingArea_-225853134_0_680" lane="-225853134_0" roadsideCapacity="21" startPos="51.61" endPos="114.61"/>
    <parkingArea id="parkingArea_-228202845#2_0_628" lane="-228202845#2_0" roadsideCapacity="14" startPos="24.66" endPos="66.66"/>
    <parkingArea id="parkingArea_-23883760_0_832" lane="-23883760_0" roadsideCapacity="88" startPos="27.44" endPos="203.44"/>
    <parkingArea id="parkingArea_-23883761_0_833" lane="-23883761_0" roadsideCapacity="37" startPos="26.17" endPos="174.17"/>
    <parkingArea id="parkingArea_-23924508#2_0_141" lane="-23924508#2_0" roadsideCapacity="12" startPos="55.79" endPos="91.79"/>
    <parkingArea id="parkingArea_-23924509#0_0_157" lane="-23924509#0_0" roadsideCapacity="2" startPos="10.25" endPos="18.25"/>
    <parkingArea id="parkingArea_-23924510#0_0_186" lane="-23924510#0_0" roadsideCapacity="15" startPos="18.95" endPos="78.95"/>
    <parkingArea id="parkingArea_-23924510#2_0_193" lane="-23924510#2_0" roadsideCapacity="13" startPos="22.26" endPos="61.26"/>
    <parkingArea id="parkingArea_-242896157#0_0_442" lane="-242896157#0_0" roadsideCapacity="9" startPos="27.22" endPos="72.22"/>
    <parkingArea id="parkingArea_-242896157#3_0_434" lane="-242896157#3_0" roadsideCapacity="8" startPos="26.63" endPos="66.63"/>
    <parkingArea id="parkingArea_-24310636#0_0_933" lane="-24310636#0_0" roadsideCapacity="9" startPos="27.33" endPos="72.33"/>
    <parkingArea id="parkingArea_-24310636#1_0_935" lane="-24310636#1_0" roadsideCapacity="9" startPos="28.04" endPos="73.04"/>
    <parkingArea id="parkingArea_-24310636#2_0_939" lane="-24310636#2_0" roadsideCapacity="15" startPos="37.61" endPos="82.61"/>
    <parkingArea id="parkingArea_-24335439#0_0_930" lane="-24335439#0_0" roadsideCapacity="5" startPos="17.53" endPos="42.53"/>
    <parkingArea id="parkingArea_-24335439#1_0_925" lane="-24335439#1_0" roadsideCapacity="4" startPos="16.90" endPos="32.90"/>
    <parkingArea id="parkingArea_-24335439#2_0_919" lane="-24335439#2_0" roadsideCapacity="4" startPos="26.37" endPos="38.37"/>
    <parkingArea id="parkingArea_-24335440#0_0_941" lane="-24335440#0_0" roadsideCapacity="5" startPos="29.46" endPos="54.46"/>
    <parkingArea id="parkingArea_-24335440#1_0_943" lane="-24335440#1_0" roadsideCapacity="7" startPos="16.95" endPos="51.95"/>
    <parkingArea id="parkingArea_-24335483#3_0_972" lane="-24335483#3_0" roadsideCapacity="6" startPos="58.93" endPos="88.93"/>
    <parkingArea id="parkingArea_-24335483#5_0_1061" lane="-24335483#5_0" roadsideCapacity="6" startPos="55.55" endPos="85.55"/>
    <parkingArea id="parkingArea_-24335483#6_0_1063" lane="-24335483#6_0" roadsideCapacity="3" startPos="67.12" endPos="82.12"/>
    <parkingArea id="parkingArea_-24335483#8_0_1144" lane="-24335483#8_0" roadsideCapacity="7" startPos="52.75" endPos="87.75"/>
    <parkingArea id="parkingArea_-24335483#9_0_652" lane="-24335483#9_0" roadsideCapacity="6" startPos="174.17" endPos="210.17"/>
    <parkingArea id="parkingArea_-24335483#9_0_654" lane="-24335483#9_0" roadsideCapacity="11" startPos="35.01" endPos="68.01"/>
    <parkingArea id="parkingArea_-24335485#3_0_967" lane="-24335485#3_0" roadsideCapacity="5" startPos="60.01" endPos="85.01"/>
    <parkingArea id="parkingArea_-24335486#1_0_631" lane="-24335486#1_0" roadsideCapacity="9" startPos="18.18" endPos="63.18"/>
    <parkingArea id="parkingArea_-24335487#0_0_1348" lane="-24335487#0_0" roadsideCapacity="6" startPos="25.75" endPos="55.75"/>
    <parkingArea id="parkingArea_-24335487#1_0_1350" lane="-24335487#1_0" roadsideCapacity="6" startPos="27.14" endPos="57.14"/>
    <parkingArea id="parkingArea_-24335487#2_0_1346" lane="-24335487#2_0" roadsideCapacity="5" startPos="33.40" endPos="58.40"/>
    <parkingArea id="parkingArea_-24588081_0_645" lane="-24588081_0" roadsideCapacity="9" startPos="26.70" endPos="71.70"/>
    <parkingArea id="parkingArea_-247966218#2_0_868" lane="-247966218#2_0" roadsideCapacity="18" startPos="100.38" endPos="172.38"/>
    <parkingArea id="parkingArea_-247966218#3_0_790" lane="-247966218#3_0" roadsideCapacity="4" startPos="19.42" endPos="39.42"/>
    <parkingArea id="parkingArea_-247966218#4_0_792" lane="-247966218#4_0" roadsideCapacity="7" startPos="9.50" endPos="23.50"/>
    <parkingArea id="parkingArea_-247966218#7_0_794" lane="-247966218#7_0" roadsideCapacity="8" startPos="18.11" endPos="34.11"/>
    <parkingArea id="parkingArea_-247966218#8_0_796" lane="-247966218#8_0" roadsideCapacity="4" startPos="18.75" endPos="34.75"/>
    <parkingArea id="parkingArea_-25371463_0_928" lane="-25371463_0" roadsideCapacity="2" startPos="16.41" endPos="26.41"/>
    <parkingArea id="parkingArea_-25372932#2_0_1131" lane="-25372932#2_0" roadsideCapacity="8" startPos="21.27" endPos="61.27"/>
    <parkingArea id="parkingArea_-25372932#3_0_1129" lane="-25372932#3_0" roadsideCapacity="10" startPos="24.35" endPos="74.35"/>
    <parkingArea id="parkingArea_-25372932#4_0_1127" lane="-25372932#4_0" roadsideCapacity="9" startPos="30.56" endPos="75.56"/>
    <parkingArea id="parkingArea_-25372932#5_0_1125" lane="-25372932#5_0" roadsideCapacity="10" startPos="30.49" endPos="70.49"/>
    <parkingArea id="parkingArea_-254297762#1_0_1205" lane="-254297762#2_0" roadsideCapacity="7" startPos="210.62" endPos="245.62"/>
    <parkingArea id="parkingArea_-254299112#0_0_209" lane="-254299112#0_0" roadsideCapacity="28" startPos="50.19" endPos="166.19"/>
    <parkingArea id="parkingArea_-254299112#1_0_207" lane="-254299112#1_0" roadsideCapacity="7" startPos="28.27" endPos="56.27"/>
    <parkingArea id="parkingArea_-254299112#2_0_205" lane="-254299112#2_0" roadsideCapacity="17" startPos="50.85" endPos="104.85"/>
    <parkingArea id="parkingArea_-254299113#0_0_202" lane="-254299113#0_0" roadsideCapacity="16" startPos="50.02" endPos="98.02"/>
    <parkingArea id="parkingArea_-254299113#2_0_201" lane="-254299113#2_0" roadsideCapacity="16" startPos="41.79" endPos="89.79"/>
    <parkingArea id="parkingArea_-254299113#3_0_198" lane="-254299113#3_0" roadsideCapacity="20" startPos="45.04" endPos="105.04"/>
    <parkingArea id="parkingArea_-254299125_0_217" lane="-254299125_0" roadsideCapacity="9" startPos="53.10" endPos="89.10"/>
    <parkingArea id="parkingArea_-254299128#0_0_242" lane="-254299128#0_0" roadsideCapacity="8" startPos="32.24" endPos="56.24"/>
    <parkingArea id="parkingArea_-254305050#0_0_774" lane="-254305050#0_0" roadsideCapacity="9" startPos="47.48" endPos="74.48"/>
    <parkingArea id="parkingArea_-254305050#1_0_773" lane="-254305050#1_0" roadsideCapacity="10" startPos="52.05" endPos="82.05"/>
    <parkingArea id="parkingArea_-254396709#1_0_358" lane="-254396709#1_0" roadsideCapacity="10" startPos="48.44" endPos="98.44"/>
    <parkingArea id="parkingArea_-254396719#1_0_336" lane="-254396719#1_0" roadsideCapacity="8" startPos="22.92" endPos="62.92"/>
    <parkingArea id="parkingArea_-254466686#0_0_363" lane="-254466686#0_0" roadsideCapacity="7" startPos="30.18" endPos="65.18"/>
    <parkingArea id="parkingArea_-254466686#3_0_362" lane="-254466686#3_0" roadsideCapacity="7" startPos="36.86" endPos="71.86"/>
    <parkingArea id="parkingArea_-254466686#4_0_360" lane="-254466686#4_0" roadsideCapacity="9" startPos="35.42" endPos="80.42"/>
    <parkingArea id="parkingArea_-254756526#1_0_338" lane="-254756526#1_0" roadsideCapacity="5" startPos="33.35" endPos="58.35"/>
    <parkingArea id="parkingArea_-254756527_0_1337" lane="-254756527_0" roadsideCapacity="2" startPos="19.14" endPos="29.14"/>
    <parkingArea id="parkingArea_-254758120#3_0_673" lane="-254758120#3_0" roadsideCapacity="11" startPos="59.82" endPos="92.82"/>
    <parkingArea id="parkingArea_-254758121#0_0_1152" lane="-254758121#0_0" roadsideCapacity="10" startPos="24.17" endPos="74.17"/>
    <parkingArea id="parkingArea_-254758121#2_0_1157" lane="-254758121#2_0" roadsideCapacity="12" startPos="41.02" endPos="77.02"/>
    <parkingArea id="parkingArea_-254758121#3_0_1161" lane="-254758121#3_0" roadsideCapacity="10" startPos="32.74" endPos="82.74"/>
    <parkingArea id="parkingArea_-254758127#0_0_1119" lane="-254758127#0_0" roadsideCapacity="5" startPos="25.78" endPos="45.78"/>
    <parkingArea id="parkingArea_-254758127#11_0_1225" lane="-254758127#11_0" roadsideCapacity="10" startPos="32.47" endPos="62.47"/>
    <parkingArea id="parkingArea_-254758127#14_0_1221" lane="-254758127#14_0" roadsideCapacity="15" startPos="28.70" endPos="73.70"/>
    <parkingArea id="parkingArea_-254758127#17_0_1213" lane="-254758127#17_0" roadsideCapacity="8" startPos="32.09" endPos="72.09"/>
    <parkingArea id="parkingArea_-254758127#1_0_1262" lane="-254758127#1_0" roadsideCapacity="4" startPos="18.75" endPos="38.75"/>
    <parkingArea id="parkingArea_-254758127#2_0_1260" lane="-254758127#2_0" roadsideCapacity="4" startPos="12.77" endPos="32.77"/>
    <parkingArea id="parkingArea_-254758127#3_0_1254" lane="-254758127#3_0" roadsideCapacity="10" startPos="37.26" endPos="67.26"/>
    <parkingArea id="parkingArea_-254758127#4_0_1249" lane="-254758127#4_0" roadsideCapacity="8" startPos="13.74" endPos="29.74"/>
    <parkingArea id="parkingArea_-254758127#5_0_1247" lane="-254758127#5_0" roadsideCapacity="5" startPos="14.73" endPos="39.73"/>
    <parkingArea id="parkingArea_-254758127#6_0_1240" lane="-254758127#7_0" roadsideCapacity="3" startPos="20.71" endPos="35.71"/>
    <parkingArea id="parkingArea_-254758127#7_0_1237" lane="-254758127#7_0" roadsideCapacity="8" startPos="65.31" endPos="81.31"/>
    <parkingArea id="parkingArea_-254758127#8_0_1233" lane="-254758127#9_0" roadsideCapacity="9" startPos="28.69" endPos="73.69"/>
    <parkingArea id="parkingArea_-254758139#0_0_707" lane="-254758139#0_0" roadsideCapacity="4" startPos="24.09" endPos="44.09"/>
    <parkingArea id="parkingArea_-254758139#3_0_709" lane="-254758139#3_0" roadsideCapacity="13" startPos="51.10" endPos="103.10"/>
    <parkingArea id="parkingArea_-254971056#1_0_278" lane="-254971056#1_0" roadsideCapacity="7" startPos="43.57" endPos="64.57"/>
    <parkingArea id="parkingArea_-254971064#1_0_426" lane="-254971064#1_0" roadsideCapacity="12" startPos="45.84" endPos="81.84"/>
    <parkingArea id="parkingArea_-254971068_0_334" lane="-254971068_0" roadsideCapacity="8" startPos="26.10" endPos="66.10"/>
    <parkingArea id="parkingArea_-254971069#1_0_340" lane="-254971069#1_0" roadsideCapacity="6" startPos="35.38" endPos="65.38"/>
    <parkingArea id="parkingArea_-254982299_0_219" lane="-254982299_0" roadsideCapacity="18" startPos="53.97" endPos="107.97"/>
    <parkingArea id="parkingArea_-255168048#2_0_215" lane="-255168048#2_0" roadsideCapacity="10" startPos="72.31" endPos="112.31"/>
    <parkingArea id="parkingArea_-255168048#3_0_213" lane="-255168048#3_0" roadsideCapacity="11" startPos="46.43" endPos="90.43"/>
    <parkingArea id="parkingArea_-255168048#4_0_211" lane="-255168048#4_0" roadsideCapacity="10" startPos="53.32" endPos="93.32"/>
    <parkingArea id="parkingArea_-255330036#13_0_407" lane="-255330036#13_0" roadsideCapacity="30" startPos="62.53" endPos="152.53"/>
    <parkingArea id="parkingArea_-255330036#3_0_529" lane="-255330036#3_0" roadsideCapacity="27" startPos="7.52" endPos="61.52"/>
    <parkingArea id="parkingArea_-255330036#7_0_494" lane="-255330036#7_0" roadsideCapacity="14" startPos="32.79" endPos="74.79"/>
    <parkingArea id="parkingArea_-255330036#9_0_493" lane="-255330036#9_0" roadsideCapacity="13" startPos="18.00" endPos="57.00"/>
    <parkingArea id="parkingArea_-256400251#1_0_419" lane="-256400251#1_0" roadsideCapacity="15" startPos="17.82" endPos="55.92"/>
    <parkingArea id="parkingArea_-25758513_0_918" lane="-25758513_0" roadsideCapacity="31" startPos="20.15" endPos="113.15"/>
    <parkingArea id="parkingArea_-258613674#1_0_611" lane="-258613674#1_0" roadsideCapacity="13" startPos="25.30" endPos="38.30"/>
    <parkingArea id="parkingArea_-263819574#1_0_32" lane="-263819574#1_0" roadsideCapacity="17" startPos="23.69" endPos="108.69"/>
    <parkingArea id="parkingArea_-264874017#2_0_741" lane="-264874017#2_0" roadsideCapacity="10" startPos="78.79" endPos="118.79"/>
    <parkingArea id="parkingArea_-264874017#4_0_748" lane="-264874017#4_0" roadsideCapacity="6" startPos="19.32" endPos="49.32"/>
    <parkingArea id="parkingArea_-264874017#5_0_750" lane="-264874017#5_0" roadsideCapacity="4" startPos="31.78" endPos="47.78"/>
    <parkingArea id="parkingArea_-26938155#0_0_1" lane="-26938155#0_0" roadsideCapacity="9" startPos="8.08" endPos="71.08"/>
    <parkingArea id="parkingArea_-26938155#2_0_5" lane="-26938155#2_0" roadsideCapacity="13" startPos="3.35" endPos="94.35"/>
    <parkingArea id="parkingArea_-26938155#4_0_7" lane="-26938155#4_0" roadsideCapacity="10" startPos="20.06" endPos="90.06"/>
    <parkingArea id="parkingArea_-26938418#1_0_1140" lane="-26938418#1_0" roadsideCapacity="4" startPos="14.48" endPos="34.48"/>
    <parkingArea id="parkingArea_-26938418#2_0_1142" lane="-26938418#2_0" roadsideCapacity="4" startPos="8.57" endPos="16.57"/>
    <parkingArea id="parkingArea_-26938418#3_0_1146" lane="-26938418#3_0" roadsideCapacity="14" startPos="24.52" endPos="80.52"/>
    <parkingArea id="parkingArea_-26943758#1_0_866" lane="-26943758#1_0" roadsideCapacity="21" startPos="86.47" endPos="149.47"/>
    <parkingArea id="parkingArea_-26988030#3_0_1199" lane="-26988030#3_0" roadsideCapacity="6" startPos="21.41" endPos="51.41"/>
    <parkingArea id="parkingArea_-27029200#1_0_963" lane="-27029200#1_0" roadsideCapacity="6" startPos="35.74" endPos="65.74"/>
    <parkingArea id="parkingArea_-27029200#2_0_965" lane="-27029200#2_0" roadsideCapacity="5" startPos="26.28" endPos="51.28"/>
    <parkingArea id="parkingArea_-27029246_0_952" lane="-27029246_0" roadsideCapacity="15" startPos="55.22" endPos="130.22"/>
    <parkingArea id="parkingArea_-27029263_0_890" lane="-27029263_0" roadsideCapacity="14" startPos="51.59" endPos="93.59"/>
    <parkingArea id="parkingArea_-27054184#1_0_292" lane="-27054184#1_0" roadsideCapacity="8" startPos="38.19" endPos="78.19"/>
    <parkingArea id="parkingArea_-27166421#2_0_1041" lane="-27166421#2_0" roadsideCapacity="12" startPos="26.44" endPos="74.44"/>
    <parkingArea id="parkingArea_-27166421#4_0_1039" lane="-27166421#4_0" roadsideCapacity="5" startPos="38.74" endPos="63.74"/>
    <parkingArea id="parkingArea_-27166421#5_0_1037" lane="-27166421#5_0" roadsideCapacity="8" startPos="28.60" endPos="68.60"/>
    <parkingArea id="parkingArea_-27166421#6_0_1035" lane="-27166421#6_0" roadsideCapacity="8" startPos="22.31" endPos="62.31"/>
    <parkingArea id="parkingArea_-27166421#8_0_1033" lane="-27166421#8_0" roadsideCapacity="10" startPos="18.72" endPos="68.72"/>
    <parkingArea id="parkingArea_-27167270#0_0_1195" lane="-27167270#0_0" roadsideCapacity="1" startPos="33.63" endPos="38.63"/>
    <parkingArea id="parkingArea_-27167270#1_0_1193" lane="-27167270#1_0" roadsideCapacity="4" startPos="45.84" endPos="61.84"/>
    <parkingArea id="parkingArea_-27397692_0_397" lane="-27397692_0" roadsideCapacity="19" startPos="77.61" endPos="137.61"/>
    <parkingArea id="parkingArea_-27398032#0_0_399" lane="-27398032#2_0" roadsideCapacity="35" startPos="271.85" endPos="341.85"/>
    <parkingArea id="parkingArea_-27400588#2_0_270" lane="-27400588#2_0" roadsideCapacity="8" startPos="53.60" endPos="93.60"/>
    <parkingArea id="parkingArea_-27570786#0_0_249" lane="-27570786#1_0" roadsideCapacity="5" startPos="129.66" endPos="154.66"/>
    <parkingArea id="parkingArea_-27570786#1_0_247" lane="-27570786#1_0" roadsideCapacity="4" startPos="52.16" endPos="64.16"/>
    <parkingArea id="parkingArea_-27570798#0_0_262" lane="-27570798#1_0" roadsideCapacity="11" startPos="32.68" endPos="76.68"/>
    <parkingArea id="parkingArea_-27570798#4_0_237" lane="-27570798#4_0" roadsideCapacity="12" startPos="51.54" endPos="87.54"/>
    <parkingArea id="parkingArea_-27570802#1_0_277" lane="-27570802#1_0" roadsideCapacity="29" startPos="99.54" endPos="186.54"/>
    <parkingArea id="parkingArea_-27571801_0_415" lane="-27571801_0" roadsideCapacity="10" startPos="57.26" endPos="87.26"/>
    <parkingArea id="parkingArea_-278995391#3_0_107" lane="-278995391#3_0" roadsideCapacity="9" startPos="57.81" endPos="102.81"/>
    <parkingArea id="parkingArea_-278995391#6_0_105" lane="-278995391#6_0" roadsideCapacity="18" startPos="27.71" endPos="99.71"/>
    <parkingArea id="parkingArea_-28231602#1_0_19" lane="-28231602#1_0" roadsideCapacity="12" startPos="7.58" endPos="91.58"/>
    <parkingArea id="parkingArea_-28231602#5_0_57" lane="-28231602#5_0" roadsideCapacity="10" startPos="18.58" endPos="68.58"/>
    <parkingArea id="parkingArea_-28231602#6_0_73" lane="-28231602#6_0" roadsideCapacity="9" startPos="26.09" endPos="71.09"/>
    <parkingArea id="parkingArea_-283516316#3_0_42" lane="-283516316#3_0" roadsideCapacity="4" startPos="40.03" endPos="60.03"/>
    <parkingArea id="parkingArea_-283516316#6_0_40" lane="-283516316#6_0" roadsideCapacity="11" startPos="20.94" endPos="75.94"/>
    <parkingArea id="parkingArea_-283516316#9_0_38" lane="-283516316#9_0" roadsideCapacity="8" startPos="45.78" endPos="85.78"/>
    <parkingArea id="parkingArea_-283537552#1_0_459" lane="-283537552#1_0" roadsideCapacity="11" startPos="33.94" endPos="66.94"/>
    <parkingArea id="parkingArea_-283537644#1_0_457" lane="-283537644#1_0" roadsideCapacity="5" startPos="8.93" endPos="43.93"/>
    <parkingArea id="parkingArea_-286003243#1_0_639" lane="-286003243#1_0" roadsideCapacity="2" startPos="49.73" endPos="59.73"/>
    <parkingArea id="parkingArea_-28805009#0_0_43" lane="-28805009#0_0" roadsideCapacity="3" startPos="28.46" endPos="43.46"/>
    <parkingArea id="parkingArea_-28805009#3_0_1342" lane="-28805009#3_0" roadsideCapacity="8" startPos="25.26" endPos="49.26"/>
    <parkingArea id="parkingArea_-28805009#6_0_1335" lane="-28805009#6_0" roadsideCapacity="16" startPos="58.53" endPos="106.53"/>
    <parkingArea id="parkingArea_-28805009#9_0_1321" lane="-28805009#9_0" roadsideCapacity="15" startPos="9.49" endPos="54.49"/>
    <parkingArea id="parkingArea_-28805168_0_175" lane="-28805168_0" roadsideCapacity="3" startPos="8.52" endPos="23.52"/>
    <parkingArea id="parkingArea_-288065246#1_0_1120" lane="-288065246#1_0" roadsideCapacity="4" startPos="10.87" endPos="30.87"/>
    <parkingArea id="parkingArea_-288065246#2_0_1122" lane="-288065246#2_0" roadsideCapacity="12" startPos="27.52" endPos="63.52"/>
    <parkingArea id="parkingArea_-288065247#0_0_1054" lane="-288065247#0_0" roadsideCapacity="5" startPos="13.04" endPos="38.04"/>
    <parkingArea id="parkingArea_-288065247#1_0_1064" lane="-288065247#1_0" roadsideCapacity="9" startPos="29.80" endPos="69.80"/>
    <parkingArea id="parkingArea_-288065247#2_0_1069" lane="-288065247#2_0" roadsideCapacity="11" startPos="26.54" endPos="81.54"/>
    <parkingArea id="parkingArea_-288065247#3_0_1073" lane="-288065247#3_0" roadsideCapacity="9" startPos="28.30" endPos="68.30"/>
    <parkingArea id="parkingArea_-288065247#5_0_1079" lane="-288065247#5_0" roadsideCapacity="9" startPos="30.97" endPos="75.97"/>
    <parkingArea id="parkingArea_-288065247#6_0_1081" lane="-288065247#6_0" roadsideCapacity="11" startPos="30.87" endPos="85.87"/>
    <parkingArea id="parkingArea_-28808571#2_0_122" lane="-28808571#2_0" roadsideCapacity="20" startPos="14.28" endPos="34.28"/>
    <parkingArea id="parkingArea_-28808571#4_0_121" lane="-28808571#4_0" roadsideCapacity="34" startPos="22.18" endPos="124.18"/>
    <parkingArea id="parkingArea_-28808571#6_0_118" lane="-28808571#6_0" roadsideCapacity="17" startPos="43.23" endPos="111.23"/>
    <parkingArea id="parkingArea_-28808571#8_0_117" lane="-28808571#9_0" roadsideCapacity="5" startPos="48.23" endPos="73.23"/>
    <parkingArea id="parkingArea_-28841114#0_0_1338" lane="-28841114#0_0" roadsideCapacity="9" startPos="26.54" endPos="53.54"/>
    <parkingArea id="parkingArea_-28841114#1_0_1340" lane="-28841114#1_0" roadsideCapacity="6" startPos="14.39" endPos="38.39"/>
    <parkingArea id="parkingArea_-28841122#0_0_582" lane="-28841122#0_0" roadsideCapacity="6" startPos="7.45" endPos="37.45"/>
    <parkingArea id="parkingArea_-28843496_0_300" lane="-28843496_0" roadsideCapacity="11" startPos="28.73" endPos="61.73"/>
    <parkingArea id="parkingArea_-290052331_0_643" lane="-290052331_0" roadsideCapacity="8" startPos="41.00" endPos="81.00"/>
    <parkingArea id="parkingArea_-29059494_0_991" lane="-29059494_0" roadsideCapacity="6" startPos="44.30" endPos="74.30"/>
    <parkingArea id="parkingArea_-30025866#1_0_1231" lane="-30025866#1_0" roadsideCapacity="5" startPos="36.83" endPos="51.83"/>
    <parkingArea id="parkingArea_-30029703#10_0_1325" lane="-30029703#10_0" roadsideCapacity="12" startPos="29.15" endPos="65.15"/>
    <parkingArea id="parkingArea_-30029703#5_0_1317" lane="-30029703#5_0" roadsideCapacity="11" startPos="46.30" endPos="79.30"/>
    <parkingArea id="parkingArea_-30029703#9_0_1327" lane="-30029703#9_0" roadsideCapacity="11" startPos="42.14" endPos="75.14"/>
    <parkingArea id="parkingArea_-30029721#1_0_184" lane="-30029721#1_0" roadsideCapacity="2" startPos="15.04" endPos="25.04"/>
    <parkingArea id="parkingArea_-30029846#0_0_291" lane="-30029846#0_0" roadsideCapacity="7" startPos="42.92" endPos="77.92"/>
    <parkingArea id="parkingArea_-30029878#0_0_1266" lane="-30029878#0_0" roadsideCapacity="5" startPos="7.78" endPos="32.78"/>
    <parkingArea id="parkingArea_-30029878#10_0_1283" lane="-30029878#10_0" roadsideCapacity="11" startPos="27.38" endPos="49.38"/>
    <parkingArea id="parkingArea_-30029878#15_0_1053" lane="-30029878#15_0" roadsideCapacity="5" startPos="9.43" endPos="34.43"/>
    <parkingArea id="parkingArea_-30029878#2_0_1268" lane="-30029878#2_0" roadsideCapacity="11" startPos="29.48" endPos="84.48"/>
    <parkingArea id="parkingArea_-30029878#3_0_1270" lane="-30029878#3_0" roadsideCapacity="9" startPos="33.56" endPos="78.56"/>
    <parkingArea id="parkingArea_-30029878#5_0_1272" lane="-30029878#5_0" roadsideCapacity="6" startPos="14.07" endPos="44.07"/>
    <parkingArea id="parkingArea_-30029878#6_0_1274" lane="-30029878#6_0" roadsideCapacity="5" startPos="15.40" endPos="40.40"/>
    <parkingArea id="parkingArea_-30029878#7_0_1277" lane="-30029878#7_0" roadsideCapacity="16" startPos="47.89" endPos="79.89"/>
    <parkingArea id="parkingArea_-30029878#9_0_1279" lane="-30029878#9_0" roadsideCapacity="13" startPos="42.62" endPos="81.62"/>
    <parkingArea id="parkingArea_-30030283#0_0_1345" lane="-30030283#0_0" roadsideCapacity="7" startPos="48.35" endPos="83.35"/>
    <parkingArea id="parkingArea_-30030283#3_0_1333" lane="-30030283#3_0" roadsideCapacity="15" startPos="47.80" endPos="92.80"/>
    <parkingArea id="parkingArea_-30030485#1_0_146" lane="-30030485#1_0" roadsideCapacity="10" startPos="29.55" endPos="79.55"/>
    <parkingArea id="parkingArea_-30030485#2_0_161" lane="-30030485#2_0" roadsideCapacity="10" startPos="30.51" endPos="80.51"/>
    <parkingArea id="parkingArea_-30030485#3_0_181" lane="-30030485#3_0" roadsideCapacity="9" startPos="40.91" endPos="76.91"/>
    <parkingArea id="parkingArea_-30030485#4_0_231" lane="-30030485#4_0" roadsideCapacity="2" startPos="14.32" endPos="24.32"/>
    <parkingArea id="parkingArea_-30030485#5_0_229" lane="-30030485#5_0" roadsideCapacity="8" startPos="13.27" endPos="37.27"/>
    <parkingArea id="parkingArea_-30035647#1_0_633" lane="-30035647#1_0" roadsideCapacity="5" startPos="47.02" endPos="72.02"/>
    <parkingArea id="parkingArea_-30086740#1_0_1281" lane="-206679802#0_0" roadsideCapacity="6" startPos="31.83" endPos="49.83"/>
    <parkingArea id="parkingArea_-30832489_0_1186" lane="-30832489_0" roadsideCapacity="24" startPos="37.47" endPos="109.47"/>
    <parkingArea id="parkingArea_-30832504_0_1023" lane="-30832504_0" roadsideCapacity="10" startPos="18.37" endPos="68.37"/>
    <parkingArea id="parkingArea_-331111652#0_0_1298" lane="-331111652#0_0" roadsideCapacity="9" startPos="16.28" endPos="43.28"/>
    <parkingArea id="parkingArea_-331111652#1_0_1290" lane="-331111652#1_0" roadsideCapacity="12" startPos="67.66" endPos="103.66"/>
    <parkingArea id="parkingArea_-331111652#2_0_1224" lane="-331111652#2_0" roadsideCapacity="21" startPos="67.21" endPos="109.21"/>
    <parkingArea id="parkingArea_-34128468#1_0_269" lane="-34128468#1_0" roadsideCapacity="1" startPos="33.06" endPos="38.06"/>
    <parkingArea id="parkingArea_-34128471#1_0_253" lane="-34128471#1_0" roadsideCapacity="6" startPos="65.01" endPos="95.01"/>
    <parkingArea id="parkingArea_-34128712_0_251" lane="-34128712_0" roadsideCapacity="9" startPos="52.20" endPos="97.20"/>
    <parkingArea id="parkingArea_-34128713#0_0_260" lane="-34128713#0_0" roadsideCapacity="12" startPos="50.80" endPos="86.80"/>
    <parkingArea id="parkingArea_-34128718#1_0_239" lane="-34128718#1_0" roadsideCapacity="9" startPos="44.31" endPos="80.31"/>
    <parkingArea id="parkingArea_-35675861#0_0_462" lane="-35675861#0_0" roadsideCapacity="10" startPos="35.06" endPos="65.06"/>
    <parkingArea id="parkingArea_-35675861#1_0_460" lane="-35675861#1_0" roadsideCapacity="9" startPos="38.56" endPos="56.56"/>
    <parkingArea id="parkingArea_-35977367#0_0_1259" lane="-35977367#0_0" roadsideCapacity="15" startPos="47.29" endPos="92.29"/>
    <parkingArea id="parkingArea_-35977367#1_0_1257" lane="-35977367#1_0" roadsideCapacity="14" startPos="63.11" endPos="91.11"/>
    <parkingArea id="parkingArea_-35977367#2_0_655" lane="-35977367#2_0" roadsideCapacity="19" startPos="123.85" endPos="199.85"/>
    <parkingArea id="parkingArea_-36331312#0_0_786" lane="-36331312#0_0" roadsideCapacity="17" startPos="70.48" endPos="155.48"/>
    <parkingArea id="parkingArea_-36331312#1_0_803" lane="-36331312#1_0" roadsideCapacity="6" startPos="39.31" endPos="69.31"/>
    <parkingArea id="parkingArea_-37177689#11_0_829" lane="-37177689#11_0" roadsideCapacity="14" startPos="56.63" endPos="98.63"/>
    <parkingArea id="parkingArea_-37177689#5_0_814" lane="-37177689#5_0" roadsideCapacity="15" startPos="120.56" endPos="189.56"/>
    <parkingArea id="parkingArea_-37177689#9_0_815" lane="-37177689#9_0" roadsideCapacity="15" startPos="142.91" endPos="217.91"/>
    <parkingArea id="parkingArea_-37177689#9_0_831" lane="-37177689#9_0" roadsideCapacity="5" startPos="8.32" endPos="18.32"/>
    <parkingArea id="parkingArea_-377646101#2_0_1022" lane="-377646101#2_0" roadsideCapacity="7" startPos="19.10" endPos="54.10"/>
    <parkingArea id="parkingArea_-43100739_0_743" lane="-43100739_0" roadsideCapacity="21" startPos="75.58" endPos="117.58"/>
    <parkingArea id="parkingArea_-46622502_0_805" lane="-46622502_0" roadsideCapacity="6" startPos="40.38" endPos="70.38"/>
    <parkingArea id="parkingArea_-47108420#3_0_302" lane="-47108420#3_0" roadsideCapacity="19" startPos="49.56" endPos="76.56"/>
    <parkingArea id="parkingArea_-48163189_0_90" lane="-25603425_0" roadsideCapacity="2" startPos="34.48" endPos="42.48"/>
    <parkingArea id="parkingArea_-48211062#10_0_1288" lane="-48211062#10_0" roadsideCapacity="14" startPos="61.53" endPos="103.53"/>
    <parkingArea id="parkingArea_-48211062#11_0_1215" lane="-48211062#11_0" roadsideCapacity="19" startPos="38.76" endPos="114.76"/>
    <parkingArea id="parkingArea_-48211062#12_0_1220" lane="-48211062#12_0" roadsideCapacity="26" startPos="147.40" endPos="225.40"/>
    <parkingArea id="parkingArea_-48211062#2_0_154" lane="-48211062#2_0" roadsideCapacity="18" startPos="36.19" endPos="108.19"/>
    <parkingArea id="parkingArea_-48211062#3_0_152" lane="-48211062#3_0" roadsideCapacity="17" startPos="43.15" endPos="111.15"/>
    <parkingArea id="parkingArea_-48211062#4_0_150" lane="-48211062#5_0" roadsideCapacity="18" startPos="42.90" endPos="114.90"/>
    <parkingArea id="parkingArea_-48211062#6_0_148" lane="-48211062#6_0" roadsideCapacity="18" startPos="26.39" endPos="98.39"/>
    <parkingArea id="parkingArea_-48211196#1_0_1307" lane="-48211196#2_0" roadsideCapacity="9" startPos="23.08" endPos="68.08"/>
    <parkingArea id="parkingArea_-48211196#2_0_1305" lane="-48211196#2_0" roadsideCapacity="8" startPos="90.45" endPos="130.45"/>
    <parkingArea id="parkingArea_-48211196#4_0_1292" lane="-48211196#4_0" roadsideCapacity="15" startPos="51.91" endPos="99.91"/>
    <parkingArea id="parkingArea_-48211196#6_0_1227" lane="-48211196#6_0" roadsideCapacity="20" startPos="49.88" endPos="89.88"/>
    <parkingArea id="parkingArea_-48211381#2_0_101" lane="-8917205#1_0" roadsideCapacity="14" startPos="126.15" endPos="196.15"/>
    <parkingArea id="parkingArea_-48211487#1_0_81" lane="-48211487#1_0" roadsideCapacity="10" startPos="19.45" endPos="69.45"/>
    <parkingArea id="parkingArea_-48211489_0_92" lane="-48211489_0" roadsideCapacity="10" startPos="16.16" endPos="66.16"/>
    <parkingArea id="parkingArea_-7373728_0_809" lane="-7373728_0" roadsideCapacity="12" startPos="39.94" endPos="75.94"/>
    <parkingArea id="parkingArea_-7373736#0_0_806" lane="-7373736#0_0" roadsideCapacity="31" startPos="102.73" endPos="164.73"/>
    <parkingArea id="parkingArea_-7373736#1_0_715" lane="-7373736#1_0" roadsideCapacity="114" startPos="94.48" endPos="208.48"/>
    <parkingArea id="parkingArea_-77449304_0_862" lane="-77449304_0" roadsideCapacity="5" startPos="29.97" endPos="49.97"/>
    <parkingArea id="parkingArea_-84654238#5_0_641" lane="-84654238#5_0" roadsideCapacity="1" startPos="53.10" endPos="58.10"/>
    <parkingArea id="parkingArea_-84823308_0_835" lane="-84823308_0" roadsideCapacity="24" startPos="86.32" endPos="158.32"/>
    <parkingArea id="parkingArea_-85789166#3_0_691" lane="-85789166#3_0" roadsideCapacity="6" startPos="77.31" endPos="107.31"/>
    <parkingArea id="parkingArea_-87297168_0_1209" lane="-87297168_0" roadsideCapacity="8" startPos="43.53" endPos="83.53"/>
    <parkingArea id="parkingArea_-87376660#1_0_605" lane="-87376660#1_0" roadsideCapacity="18" startPos="3.65" endPos="59.74"/>
    <parkingArea id="parkingArea_-87376675#2_0_34" lane="-87376675#2_0" roadsideCapacity="11" startPos="42.86" endPos="97.86"/>
    <parkingArea id="parkingArea_-87376695_0_602" lane="-87376695_0" roadsideCapacity="9" startPos="23.19" endPos="68.19"/>
    <parkingArea id="parkingArea_-87376703#1_0_29" lane="-87376703#1_0" roadsideCapacity="4" startPos="46.08" endPos="66.08"/>
    <parkingArea id="parkingArea_-88396418#0_0_1206" lane="-88396418#0_0" roadsideCapacity="7" startPos="28.57" endPos="63.57"/>
    <parkingArea id="parkingArea_-88466055#0_0_437" lane="-88466055#0_0" roadsideCapacity="9" startPos="37.38" endPos="82.38"/>
    <parkingArea id="parkingArea_-88466055#1_0_464" lane="-88466055#1_0" roadsideCapacity="5" startPos="50.91" endPos="75.91"/>
    <parkingArea id="parkingArea_-88559661#2_0_413" lane="-88559661#2_0" roadsideCapacity="10" startPos="45.24" endPos="55.24"/>
    <parkingArea id="parkingArea_-88559680#4_0_486" lane="-88559680#4_0" roadsideCapacity="33" startPos="23.95" endPos="56.95"/>
    <parkingArea id="parkingArea_-88559680#5_0_475" lane="-88559680#5_0" roadsideCapacity="20" startPos="83.71" endPos="123.71"/>
    <parkingArea id="parkingArea_-88559691#3_0_515" lane="-88559691#3_0" roadsideCapacity="33" startPos="68.83" endPos="134.83"/>
    <parkingArea id="parkingArea_-88559691#6_0_518" lane="-88559691#6_0" roadsideCapacity="21" startPos="85.26" endPos="127.26"/>
    <parkingArea id="parkingArea_-88559702#0_0_455" lane="-88559702#0_0" roadsideCapacity="10" startPos="6.68" endPos="36.68"/>
    <parkingArea id="parkingArea_-88559702#2_0_505" lane="-88559702#2_0" roadsideCapacity="13" startPos="62.92" endPos="88.92"/>
    <parkingArea id="parkingArea_-88572874#0_0_884" lane="-88572874#0_0" roadsideCapacity="3" startPos="21.45" endPos="36.45"/>
    <parkingArea id="parkingArea_-88572874#1_0_886" lane="-88572874#1_0" roadsideCapacity="6" startPos="8.70" endPos="38.70"/>
    <parkingArea id="parkingArea_-88572874#2_0_888" lane="-88572874#2_0" roadsideCapacity="4" startPos="21.61" endPos="37.61"/>
    <parkingArea id="parkingArea_-88572887#0_0_839" lane="-88572887#0_0" roadsideCapacity="15" startPos="32.05" endPos="77.05"/>
    <parkingArea id="parkingArea_-88572887#1_0_841" lane="-88572887#1_0" roadsideCapacity="5" startPos="27.12" endPos="52.12"/>
    <parkingArea id="parkingArea_-88572895#2_0_693" lane="-88572895#2_0" roadsideCapacity="6" startPos="87.51" endPos="117.51"/>
    <parkingArea id="parkingArea_-88572901#2_0_736" lane="-88572901#2_0" roadsideCapacity="15" startPos="71.33" endPos="116.33"/>
    <parkingArea id="parkingArea_-88572914#2_0_837" lane="-88572914#2_0" roadsideCapacity="21" startPos="104.26" endPos="188.26"/>
    <parkingArea id="parkingArea_-88572932#2_0_732" lane="-88572932#2_0" roadsideCapacity="19" startPos="95.37" endPos="152.37"/>
    <parkingArea id="parkingArea_-88572941_0_734" lane="-88572941_0" roadsideCapacity="26" startPos="103.90" endPos="181.90"/>
    <parkingArea id="parkingArea_-88572965#0_0_511" lane="-88572965#0_0" roadsideCapacity="13" startPos="21.42" endPos="47.42"/>
    <parkingArea id="parkingArea_-88572970_0_420" lane="-88572970_0" roadsideCapacity="5" startPos="42.32" endPos="67.32"/>
    <parkingArea id="parkingArea_-88597577#2_0_514" lane="-88597577#2_0" roadsideCapacity="21" startPos="61.78" endPos="103.78"/>
    <parkingArea id="parkingArea_-8916048_0_957" lane="-8916048_0" roadsideCapacity="9" startPos="46.57" endPos="91.57"/>
    <parkingArea id="parkingArea_-8916184_0_717" lane="-8916184_0" roadsideCapacity="20" startPos="38.91" endPos="78.91"/>
    <parkingArea id="parkingArea_-8916375#1_0_366" lane="-8916375#1_0" roadsideCapacity="11" startPos="24.76" endPos="79.76"/>
    <parkingArea id="parkingArea_-8916453_0_91" lane="-8916453_0" roadsideCapacity="3" startPos="9.61" endPos="21.61"/>
    <parkingArea id="parkingArea_-8916563#1_0_52" lane="-8916563#1_0" roadsideCapacity="10" startPos="31.66" endPos="81.66"/>
    <parkingArea id="parkingArea_-8916563#2_0_48" lane="-8916563#2_0" roadsideCapacity="7" startPos="31.43" endPos="66.43"/>
    <parkingArea id="parkingArea_-8916563#4_0_50" lane="-8916563#4_0" roadsideCapacity="6" startPos="42.92" endPos="72.92"/>
    <parkingArea id="parkingArea_-8916564_0_47" lane="-8916564_0" roadsideCapacity="14" startPos="15.32" endPos="70.32"/>
    <parkingArea id="parkingArea_-8916567#0_0_1286" lane="-8916567#1_0" roadsideCapacity="4" startPos="23.21" endPos="43.21"/>
    <parkingArea id="parkingArea_-8916765#1_0_277" lane="-8916765#1_0" roadsideCapacity="15" startPos="11.05" endPos="56.05"/>
    <parkingArea id="parkingArea_-8916767#0_0_1217" lane="-8916767#0_0" roadsideCapacity="15" startPos="29.11" endPos="104.11"/>
    <parkingArea id="parkingArea_-8916768#12_0_166" lane="-8916768#12_0" roadsideCapacity="7" startPos="22.92" endPos="57.92"/>
    <parkingArea id="parkingArea_-8916768#16_0_1211" lane="-8916768#16_0" roadsideCapacity="19" startPos="45.27" endPos="102.27"/>
    <parkingArea id="parkingArea_-8916768#1_0_174" lane="-8916768#1_0" roadsideCapacity="11" startPos="16.82" endPos="49.82"/>
    <parkingArea id="parkingArea_-8916768#5_0_172" lane="-8916768#5_0" roadsideCapacity="17" startPos="44.54" endPos="95.54"/>
    <parkingArea id="parkingArea_-8916768#6_0_171" lane="-8916768#6_0" roadsideCapacity="19" startPos="31.69" endPos="106.69"/>
    <parkingArea id="parkingArea_-8916768#7_0_168" lane="-8916768#7_0" roadsideCapacity="19" startPos="21.40" endPos="116.40"/>
    <parkingArea id="parkingArea_-8916788_0_768" lane="-8916788_0" roadsideCapacity="19" startPos="138.82" endPos="176.82"/>
    <parkingArea id="parkingArea_-8916922#4_0_424" lane="-8916922#4_0" roadsideCapacity="11" startPos="40.65" endPos="73.65"/>
    <parkingArea id="parkingArea_-8916930_0_881" lane="-8916930_0" roadsideCapacity="3" startPos="25.67" endPos="40.67"/>
    <parkingArea id="parkingArea_-8917174#0_0_906" lane="-8917174#0_0" roadsideCapacity="3" startPos="42.47" endPos="57.47"/>
    <parkingArea id="parkingArea_-8917174#1_0_945" lane="-8917174#1_0" roadsideCapacity="11" startPos="73.77" endPos="128.77"/>
    <parkingArea id="parkingArea_-8917205#1_0_99" lane="-8917205#1_0" roadsideCapacity="11" startPos="28.63" endPos="83.63"/>
    <parkingArea id="parkingArea_-8917205#2_0_97" lane="-8917205#2_0" roadsideCapacity="2" startPos="50.15" endPos="60.15"/>
    <parkingArea id="parkingArea_-8917421_0_126" lane="-8917421_0" roadsideCapacity="8" startPos="29.59" endPos="69.59"/>
    <parkingArea id="parkingArea_-8917675#3_0_108" lane="-8917675#3_0" roadsideCapacity="18" startPos="22.53" endPos="94.53"/>
    <parkingArea id="parkingArea_-8917692#1_0_1309" lane="-8917692#1_0" roadsideCapacity="4" startPos="63.46" endPos="83.46"/>
    <parkingArea id="parkingArea_-8917693_0_1292" lane="-8917693_0" roadsideCapacity="7" startPos="49.03" endPos="84.03"/>
    <parkingArea id="parkingArea_-8917984_0_268" lane="-8917984_0" roadsideCapacity="7" startPos="39.30" endPos="67.30"/>
    <parkingArea id="parkingArea_-8919118#0_0_129" lane="-8919118#0_0" roadsideCapacity="9" startPos="32.90" endPos="59.90"/>
    <parkingArea id="parkingArea_-8919512_0_801" lane="-8919512_0" roadsideCapacity="6" startPos="37.92" endPos="67.92"/>
    <parkingArea id="parkingArea_-8919519#2_0_266" lane="-8919519#2_0" roadsideCapacity="8" startPos="33.58" endPos="73.58"/>
    <parkingArea id="parkingArea_-8919608#5_0_71" lane="-8919608#5_0" roadsideCapacity="13" startPos="12.78" endPos="77.78"/>
    <parkingArea id="parkingArea_-8919608#6_0_70" lane="-8919608#6_0" roadsideCapacity="13" startPos="18.83" endPos="83.83"/>
    <parkingArea id="parkingArea_-8919608#8_0_68" lane="-8919608#8_0" roadsideCapacity="9" startPos="36.44" endPos="81.44"/>
    <parkingArea id="parkingArea_-8919609#10_0_61" lane="-8919609#10_0" roadsideCapacity="12" startPos="42.59" endPos="102.59"/>
    <parkingArea id="parkingArea_-8919609#4_0_66" lane="-8919609#4_0" roadsideCapacity="12" startPos="32.92" endPos="92.92"/>
    <parkingArea id="parkingArea_-8919609#7_0_64" lane="-8919609#7_0" roadsideCapacity="16" startPos="27.67" endPos="107.67"/>
    <parkingArea id="parkingArea_-8919615#0_0_489" lane="-8919615#0_0" roadsideCapacity="8" startPos="6.77" endPos="30.77"/>
    <parkingArea id="parkingArea_-8920093#0_0_1059" lane="-8920093#0_0" roadsideCapacity="8" startPos="49.86" endPos="89.86"/>
    <parkingArea id="parkingArea_-8920093#1_0_1057" lane="-8920093#1_0" roadsideCapacity="6" startPos="62.70" endPos="92.70"/>
    <parkingArea id="parkingArea_-8920154_0_770" lane="-8920154_0" roadsideCapacity="9" startPos="109.13" endPos="136.13"/>
    <parkingArea id="parkingArea_-8920452#0_0_775" lane="-8920452#0_0" roadsideCapacity="8" startPos="25.33" endPos="49.33"/>
    <parkingArea id="parkingArea_-8920734_0_330" lane="-8920734_0" roadsideCapacity="6" startPos="37.13" endPos="67.13"/>
    <parkingArea id="parkingArea_-8920780#1_0_753" lane="-8920780#1_0" roadsideCapacity="21" startPos="58.46" endPos="121.46"/>
    <parkingArea id="parkingArea_-8920934_0_766" lane="-8920934_0" roadsideCapacity="3" startPos="28.20" endPos="43.20"/>
    <parkingArea id="parkingArea_-8920980#1_0_278" lane="-8920980#1_0" roadsideCapacity="2" startPos="165.86" endPos="175.86"/>
    <parkingArea id="parkingArea_-8921255#1_0_264" lane="-8921255#1_0" roadsideCapacity="4" startPos="43.83" endPos="63.83"/>
    <parkingArea id="parkingArea_-8921907_0_473" lane="-8921907_0" roadsideCapacity="40" startPos="65.65" endPos="145.65"/>
    <parkingArea id="parkingArea_-8922024#2_0_303" lane="-8922024#2_0" roadsideCapacity="21" startPos="38.07" endPos="143.07"/>
    <parkingArea id="parkingArea_-8922024#5_0_55" lane="-8922024#5_0" roadsideCapacity="13" startPos="17.71" endPos="82.71"/>
    <parkingArea id="parkingArea_-8922307_0_554" lane="-8922307_0" roadsideCapacity="40" startPos="55.22" endPos="135.22"/>
    <parkingArea id="parkingArea_-8922580#0_0_189" lane="-8922580#0_0" roadsideCapacity="11" startPos="15.60" endPos="59.60"/>
    <parkingArea id="parkingArea_-8922640#1_0_24" lane="-8922640#1_0" roadsideCapacity="9" startPos="29.49" endPos="92.49"/>
    <parkingArea id="parkingArea_-91181759#1_0_614" lane="-91181759#1_0" roadsideCapacity="16" startPos="44.89" endPos="92.89"/>
    <parkingArea id="parkingArea_-91181759#5_0_615" lane="-91181759#5_0" roadsideCapacity="26" startPos="27.99" endPos="105.99"/>
    <parkingArea id="parkingArea_-91181760#0_0_995" lane="-91181760#0_0" roadsideCapacity="10" startPos="27.96" endPos="57.96"/>
    <parkingArea id="parkingArea_-91181760#2_0_997" lane="-91181760#2_0" roadsideCapacity="8" startPos="14.39" endPos="54.39"/>
    <parkingArea id="parkingArea_-91182067_0_982" lane="-91182067_0" roadsideCapacity="9" startPos="28.64" endPos="68.64"/>
    <parkingArea id="parkingArea_-91185861#0_0_273" lane="-91185861#0_0" roadsideCapacity="8" startPos="60.61" endPos="100.61"/>
    <parkingArea id="parkingArea_-91185861#1_0_275" lane="-91185861#1_0" roadsideCapacity="10" startPos="64.47" endPos="114.47"/>
    <parkingArea id="parkingArea_-91185869_0_139" lane="-91185869_0" roadsideCapacity="13" startPos="66.57" endPos="105.57"/>
    <parkingArea id="parkingArea_-91185877#0_0_28" lane="-91185877#0_0" roadsideCapacity="3" startPos="4.42" endPos="25.42"/>
    <parkingArea id="parkingArea_-91185877#1_0_79" lane="-91185877#1_0" roadsideCapacity="10" startPos="4.13" endPos="54.13"/>
    <parkingArea id="parkingArea_-99231475_0_428" lane="-99231475_0" roadsideCapacity="3" startPos="53.98" endPos="73.98"/>
    <parkingArea id="parkingArea_-99231486_0_446" lane="-99231486_0" roadsideCapacity="11" startPos="15.96" endPos="70.96"/>
    <parkingArea id="parkingArea_100400941#0_0_1084" lane="100400941#0_0" roadsideCapacity="20" startPos="25.25" endPos="125.25"/>
    <parkingArea id="parkingArea_100400941#1_0_1082" lane="100400941#1_0" roadsideCapacity="17" startPos="38.31" endPos="123.31"/>
    <parkingArea id="parkingArea_100400942#0_0_636" lane="100400942#0_0" roadsideCapacity="4" startPos="42.76" endPos="58.76"/>
    <parkingArea id="parkingArea_100400942#1_0_634" lane="100400942#1_0" roadsideCapacity="9" startPos="28.17" endPos="73.17"/>
    <parkingArea id="parkingArea_100400946_0_992" lane="100400946_0" roadsideCapacity="12" startPos="37.70" endPos="85.70"/>
    <parkingArea id="parkingArea_100400947#10_0_666" lane="100400947#10_0" roadsideCapacity="33" startPos="56.45" endPos="131.45"/>
    <parkingArea id="parkingArea_100400947#1_0_1002" lane="100400947#1_0" roadsideCapacity="34" startPos="34.42" endPos="102.42"/>
    <parkingArea id="parkingArea_100400947#2_0_1001" lane="100400947#2_0" roadsideCapacity="28" startPos="31.74" endPos="87.74"/>
    <parkingArea id="parkingArea_100400947#4_0_1089" lane="100400947#4_0" roadsideCapacity="33" startPos="45.74" endPos="111.74"/>
    <parkingArea id="parkingArea_100400947#5_0_1087" lane="100400947#5_0" roadsideCapacity="12" startPos="11.76" endPos="59.76"/>
    <parkingArea id="parkingArea_100400947#6_0_1088" lane="100400947#6_0" roadsideCapacity="38" startPos="16.02" endPos="54.02"/>
    <parkingArea id="parkingArea_100400947#7_0_1168" lane="100400947#7_0" roadsideCapacity="36" startPos="28.54" endPos="100.54"/>
    <parkingArea id="parkingArea_100400947#9_0_1167" lane="100400947#9_0" roadsideCapacity="38" startPos="35.21" endPos="111.21"/>
    <parkingArea id="parkingArea_107674371#0_0_547" lane="107674371#0_0" roadsideCapacity="9" startPos="34.48" endPos="42.48"/>
    <parkingArea id="parkingArea_107674372#0_0_544" lane="107674372#0_0" roadsideCapacity="30" startPos="27.86" endPos="147.86"/>
    <parkingArea id="parkingArea_111049100#0_0_448" lane="111049100#0_0" roadsideCapacity="10" startPos="33.97" endPos="83.97"/>
    <parkingArea id="parkingArea_111049101_0_909" lane="111049101_0" roadsideCapacity="8" startPos="30.73" endPos="54.73"/>
    <parkingArea id="parkingArea_111050389#0_0_847" lane="111050389#0_0" roadsideCapacity="31" startPos="55.62" endPos="148.62"/>
    <parkingArea id="parkingArea_111050389#3_0_850" lane="111050389#3_0" roadsideCapacity="11" startPos="71.32" endPos="126.32"/>
    <parkingArea id="parkingArea_111050389#6_0_855" lane="111050389#6_0" roadsideCapacity="16" startPos="70.39" endPos="118.39"/>
    <parkingArea id="parkingArea_111089307#0_0_937" lane="111089307#0_0" roadsideCapacity="12" startPos="53.12" endPos="101.12"/>
    <parkingArea id="parkingArea_111089307#1_0_947" lane="111089307#1_0" roadsideCapacity="6" startPos="32.40" endPos="62.40"/>
    <parkingArea id="parkingArea_111089307#2_0_949" lane="111089307#2_0" roadsideCapacity="13" startPos="32.04" endPos="84.04"/>
    <parkingArea id="parkingArea_111089307#3_0_959" lane="111089307#3_0" roadsideCapacity="6" startPos="26.79" endPos="56.79"/>
    <parkingArea id="parkingArea_111089307#4_0_960" lane="111089307#4_0" roadsideCapacity="6" startPos="41.60" endPos="71.60"/>
    <parkingArea id="parkingArea_111319423_0_433" lane="111319423_0" roadsideCapacity="11" startPos="118.46" endPos="151.46"/>
    <parkingArea id="parkingArea_111547662#0_0_727" lane="111547662#0_0" roadsideCapacity="10" startPos="76.78" endPos="126.78"/>
    <parkingArea id="parkingArea_111550910#1_0_481" lane="111550910#1_0" roadsideCapacity="24" startPos="54.15" endPos="102.15"/>
    <parkingArea id="parkingArea_111550910#2_0_479" lane="111550910#2_0" roadsideCapacity="12" startPos="26.26" endPos="62.26"/>
    <parkingArea id="parkingArea_111550911#1_0_522" lane="111550911#1_0" roadsideCapacity="16" startPos="31.93" endPos="63.93"/>
    <parkingArea id="parkingArea_111552058#0_0_510" lane="111552058#0_0" roadsideCapacity="5" startPos="71.43" endPos="96.43"/>
    <parkingArea id="parkingArea_111560681#2_0_744" lane="111560681#2_0" roadsideCapacity="30" startPos="42.90" endPos="132.90"/>
    <parkingArea id="parkingArea_111586254#0_0_583" lane="111586254#0_0" roadsideCapacity="5" startPos="42.00" endPos="67.00"/>
    <parkingArea id="parkingArea_111586257_1_622" lane="111586257_1" roadsideCapacity="14" startPos="44.26" endPos="100.26"/>
    <parkingArea id="parkingArea_120256349_0_416" lane="120256349_0" roadsideCapacity="6" startPos="32.86" endPos="62.86"/>
    <parkingArea id="parkingArea_120256350#0_0_383" lane="120256350#0_0" roadsideCapacity="38" startPos="37.84" endPos="151.84"/>
    <parkingArea id="parkingArea_120256350#3_0_385" lane="120256350#3_0" roadsideCapacity="39" startPos="27.27" endPos="144.27"/>
    <parkingArea id="parkingArea_120256350#3_0_386" lane="120256350#3_0" roadsideCapacity="39" startPos="27.27" endPos="144.27"/>
    <parkingArea id="parkingArea_120256350#8_0_388" lane="120256350#8_0" roadsideCapacity="31" startPos="48.39" endPos="110.39"/>
    <parkingArea id="parkingArea_120256351_0_382" lane="120256351_0" roadsideCapacity="31" startPos="58.99" endPos="151.99"/>
    <parkingArea id="parkingArea_121785555_0_538" lane="121785555_0" roadsideCapacity="17" startPos="26.39" endPos="77.39"/>
    <parkingArea id="parkingArea_122498865_0_729" lane="122498865_0" roadsideCapacity="6" startPos="14.09" endPos="44.09"/>
    <parkingArea id="parkingArea_123741454#2_0_501" lane="123741454#2_0" roadsideCapacity="66" startPos="754.28" endPos="778.37"/>
    <parkingArea id="parkingArea_133376113#2_0_970" lane="133376113#2_0" roadsideCapacity="8" startPos="23.91" endPos="63.91"/>
    <parkingArea id="parkingArea_133376114#0_0_974" lane="133376114#0_0" roadsideCapacity="5" startPos="41.82" endPos="66.82"/>
    <parkingArea id="parkingArea_133376114#2_0_978" lane="133376114#2_0" roadsideCapacity="11" startPos="27.87" endPos="82.87"/>
    <parkingArea id="parkingArea_133376120#0_0_1032" lane="133376120#0_0" roadsideCapacity="4" startPos="14.88" endPos="34.88"/>
    <parkingArea id="parkingArea_133376120#12_0_1303" lane="133376120#12_0" roadsideCapacity="9" startPos="43.20" endPos="70.20"/>
    <parkingArea id="parkingArea_133376120#13_0_1301" lane="133376120#13_0" roadsideCapacity="10" startPos="30.75" endPos="60.75"/>
    <parkingArea id="parkingArea_133376120#1_0_1030" lane="133376120#1_0" roadsideCapacity="3" startPos="13.72" endPos="28.72"/>
    <parkingArea id="parkingArea_133376120#2_0_1319" lane="133376120#2_0" roadsideCapacity="11" startPos="138.61" endPos="171.61"/>
    <parkingArea id="parkingArea_133376120#2_0_1323" lane="133376120#2_0" roadsideCapacity="12" startPos="38.52" endPos="74.52"/>
    <parkingArea id="parkingArea_133376120#8_0_1313" lane="133376120#8_0" roadsideCapacity="12" startPos="45.23" endPos="81.23"/>
    <parkingArea id="parkingArea_133733582#2_0_683" lane="133733582#2_0" roadsideCapacity="9" startPos="55.91" endPos="100.91"/>
    <parkingArea id="parkingArea_133733593#1_0_571" lane="133733593#1_0" roadsideCapacity="26" startPos="23.85" endPos="127.85"/>
    <parkingArea id="parkingArea_133735130#0_0_524" lane="133735130#0_0" roadsideCapacity="35" startPos="62.50" endPos="132.50"/>
    <parkingArea id="parkingArea_133735130#2_0_496" lane="133735130#2_0" roadsideCapacity="17" startPos="23.26" endPos="74.26"/>
    <parkingArea id="parkingArea_133735130#4_0_497" lane="133735130#4_0" roadsideCapacity="16" startPos="21.27" endPos="72.27"/>
    <parkingArea id="parkingArea_133755923#0_0_813" lane="133755923#0_0" roadsideCapacity="43" startPos="96.13" endPos="182.13"/>
    <parkingArea id="parkingArea_133755923#1_0_811" lane="133755923#1_0" roadsideCapacity="34" startPos="132.65" endPos="200.65"/>
    <parkingArea id="parkingArea_133781720_0_896" lane="133781720_0" roadsideCapacity="24" startPos="33.92" endPos="105.92"/>
    <parkingArea id="parkingArea_133781759#1_0_682" lane="133781759#1_0" roadsideCapacity="12" startPos="32.90" endPos="68.90"/>
    <parkingArea id="parkingArea_135110258#0_0_410" lane="179235223_0" roadsideCapacity="32" startPos="72.62" endPos="104.62"/>
    <parkingArea id="parkingArea_141688972#1_0_799" lane="141688972#1_0" roadsideCapacity="22" startPos="98.71" endPos="208.71"/>
    <parkingArea id="parkingArea_141688972#2_0_716" lane="141688972#2_0" roadsideCapacity="53" startPos="67.66" endPos="226.66"/>
    <parkingArea id="parkingArea_142972028#1_0_688" lane="142972028#1_0" roadsideCapacity="24" startPos="29.12" endPos="101.12"/>
    <parkingArea id="parkingArea_143617584_0_719" lane="143617584_0" roadsideCapacity="55" startPos="78.64" endPos="188.64"/>
    <parkingArea id="parkingArea_143617585#0_0_761" lane="143617585#0_0" roadsideCapacity="6" startPos="17.84" endPos="35.84"/>
    <parkingArea id="parkingArea_143617585#1_0_760" lane="143617585#1_0" roadsideCapacity="14" startPos="15.07" endPos="43.07"/>
    <parkingArea id="parkingArea_143617585#2_0_759" lane="143617585#2_0" roadsideCapacity="11" startPos="52.72" endPos="85.72"/>
    <parkingArea id="parkingArea_143617589#2_0_527" lane="143617589#2_0" roadsideCapacity="13" startPos="8.04" endPos="34.04"/>
    <parkingArea id="parkingArea_143617591_0_548" lane="143617591_0" roadsideCapacity="8" startPos="24.73" endPos="32.73"/>
    <parkingArea id="parkingArea_143617593_0_702" lane="143617593_0" roadsideCapacity="2" startPos="22.43" endPos="32.43"/>
    <parkingArea id="parkingArea_143617593_0_704" lane="143617593_0" roadsideCapacity="5" startPos="141.20" endPos="166.20"/>
    <parkingArea id="parkingArea_143666207#0_0_530" lane="143666207#0_0" roadsideCapacity="31" startPos="125.85" endPos="187.85"/>
    <parkingArea id="parkingArea_143666208#0_0_257" lane="143666208#0_0" roadsideCapacity="10" startPos="16.65" endPos="66.65"/>
    <parkingArea id="parkingArea_143666209#1_0_240" lane="143666209#1_0" roadsideCapacity="11" startPos="31.45" endPos="64.45"/>
    <parkingArea id="parkingArea_143666209#2_0_224" lane="143666209#2_0" roadsideCapacity="5" startPos="16.45" endPos="41.45"/>
    <parkingArea id="parkingArea_143666209#3_0_226" lane="143666209#3_0" roadsideCapacity="5" startPos="14.43" endPos="39.43"/>
    <parkingArea id="parkingArea_143666209#5_0_183" lane="143666209#4_0" roadsideCapacity="9" startPos="45.39" endPos="72.39"/>
    <parkingArea id="parkingArea_143666209#6_0_164" lane="143666209#6_0" roadsideCapacity="11" startPos="25.33" endPos="80.33"/>
    <parkingArea id="parkingArea_144346316#0_0_1162" lane="144346316#0_0" roadsideCapacity="10" startPos="48.99" endPos="98.99"/>
    <parkingArea id="parkingArea_144346316#3_0_1164" lane="144346316#3_0" roadsideCapacity="14" startPos="35.90" endPos="77.90"/>
    <parkingArea id="parkingArea_144489134#2_0_601" lane="144489134#2_0" roadsideCapacity="20" startPos="30.48" endPos="90.48"/>
    <parkingArea id="parkingArea_144489134#3_0_627" lane="144489134#3_0" roadsideCapacity="6" startPos="41.13" endPos="77.13"/>
    <parkingArea id="parkingArea_144489137#1_0_671" lane="144489137#1_0" roadsideCapacity="28" startPos="12.62" endPos="124.62"/>
    <parkingArea id="parkingArea_144489137#2_0_1182" lane="144489137#2_0" roadsideCapacity="32" startPos="41.12" endPos="105.12"/>
    <parkingArea id="parkingArea_144489137#3_0_1181" lane="144489137#3_0" roadsideCapacity="21" startPos="50.69" endPos="113.69"/>
    <parkingArea id="parkingArea_144489137#7_0_1104" lane="144489137#7_0" roadsideCapacity="25" startPos="36.97" endPos="111.97"/>
    <parkingArea id="parkingArea_146155885_0_156" lane="146155885_0" roadsideCapacity="2" startPos="9.22" endPos="17.22"/>
    <parkingArea id="parkingArea_148846996#0_0_282" lane="148846996#0_0" roadsideCapacity="3" startPos="25.92" endPos="40.92"/>
    <parkingArea id="parkingArea_148846996#1_0_280" lane="148846996#1_0" roadsideCapacity="14" startPos="21.74" endPos="63.74"/>
    <parkingArea id="parkingArea_148846997#0_0_1328" lane="148846997#0_0" roadsideCapacity="10" startPos="26.75" endPos="56.75"/>
    <parkingArea id="parkingArea_148846997#4_0_1310" lane="148846997#4_0" roadsideCapacity="15" startPos="49.08" endPos="109.08"/>
    <parkingArea id="parkingArea_148846997#5_0_1294" lane="148846997#5_0" roadsideCapacity="21" startPos="46.35" endPos="109.35"/>
    <parkingArea id="parkingArea_148846997#7_0_1234" lane="148846997#7_0" roadsideCapacity="17" startPos="29.39" endPos="80.39"/>
    <parkingArea id="parkingArea_148846998#0_0_103" lane="148846998#0_0" roadsideCapacity="1" startPos="12.08" endPos="17.08"/>
    <parkingArea id="parkingArea_148846999#0_0_136" lane="148846999#0_0" roadsideCapacity="20" startPos="33.08" endPos="93.08"/>
    <parkingArea id="parkingArea_148846999#2_0_135" lane="148846999#2_0" roadsideCapacity="15" startPos="54.85" endPos="99.85"/>
    <parkingArea id="parkingArea_148847000#0_0_113" lane="148847000#0_0" roadsideCapacity="12" startPos="36.87" endPos="84.87"/>
    <parkingArea id="parkingArea_148847000#5_0_143" lane="148847000#5_0" roadsideCapacity="7" startPos="27.98" endPos="62.98"/>
    <parkingArea id="parkingArea_148847001#0_0_160" lane="148847001#0_0" roadsideCapacity="6" startPos="42.14" endPos="66.14"/>
    <parkingArea id="parkingArea_148847001#3_0_179" lane="148847001#2_0" roadsideCapacity="10" startPos="35.13" endPos="75.13"/>
    <parkingArea id="parkingArea_148847001#4_0_234" lane="148847001#4_0" roadsideCapacity="9" startPos="32.52" endPos="77.52"/>
    <parkingArea id="parkingArea_148847001#5_0_245" lane="148847001#5_0" roadsideCapacity="11" startPos="42.16" endPos="75.16"/>
    <parkingArea id="parkingArea_148847001#8_0_256" lane="148847001#8_0" roadsideCapacity="5" startPos="48.03" endPos="73.03"/>
    <parkingArea id="parkingArea_148847005#0_0_83" lane="148847005#0_0" roadsideCapacity="4" startPos="30.96" endPos="46.96"/>
    <parkingArea id="parkingArea_148874364#0_0_283" lane="148874364#0_0" roadsideCapacity="3" startPos="14.52" endPos="29.52"/>
    <parkingArea id="parkingArea_148874364#1_0_285" lane="148874364#1_0" roadsideCapacity="11" startPos="49.01" endPos="104.01"/>
    <parkingArea id="parkingArea_148874365#0_0_88" lane="148874365#0_0" roadsideCapacity="17" startPos="40.79" endPos="108.79"/>
    <parkingArea id="parkingArea_148874365#2_0_87" lane="148874365#2_0" roadsideCapacity="13" startPos="57.55" endPos="109.55"/>
    <parkingArea id="parkingArea_148874365#6_0_85" lane="148874365#6_0" roadsideCapacity="16" startPos="40.98" endPos="104.98"/>
    <parkingArea id="parkingArea_157812260#0_0_825" lane="157812260#0_0" roadsideCapacity="13" startPos="45.30" endPos="110.30"/>
    <parkingArea id="parkingArea_157812260#10_0_819" lane="157812260#10_0" roadsideCapacity="27" startPos="58.83" endPos="139.83"/>
    <parkingArea id="parkingArea_157812260#11_0_818" lane="157812260#11_0" roadsideCapacity="25" startPos="49.17" endPos="124.17"/>
    <parkingArea id="parkingArea_157812260#3_0_824" lane="157812260#3_0" roadsideCapacity="13" startPos="60.73" endPos="125.73"/>
    <parkingArea id="parkingArea_157812260#5_0_823" lane="157812260#5_0" roadsideCapacity="5" startPos="11.83" endPos="26.83"/>
    <parkingArea id="parkingArea_157812260#7_0_822" lane="157812260#7_0" roadsideCapacity="9" startPos="53.00" endPos="71.00"/>
    <parkingArea id="parkingArea_157812260#8_0_821" lane="157812260#8_0" roadsideCapacity="24" startPos="26.37" endPos="98.37"/>
    <parkingArea id="parkingArea_157812260#9_0_820" lane="157812260#9_0" roadsideCapacity="6" startPos="13.62" endPos="43.62"/>
    <parkingArea id="parkingArea_160325575#0_0_379" lane="160325575#0_0" roadsideCapacity="6" startPos="96.52" endPos="120.52"/>
    <parkingArea id="parkingArea_162931810_0_878" lane="162931810_0" roadsideCapacity="46" startPos="31.62" endPos="169.62"/>
    <parkingArea id="parkingArea_162931811#0_0_710" lane="162931811#0_0" roadsideCapacity="8" startPos="25.28" endPos="65.28"/>
    <parkingArea id="parkingArea_162931811#1_0_712" lane="162931811#1_0" roadsideCapacity="10" startPos="24.07" endPos="74.07"/>
    <parkingArea id="parkingArea_163784093_0_587" lane="163784093_0" roadsideCapacity="22" startPos="20.91" endPos="86.91"/>
    <parkingArea id="parkingArea_175354957#0_0_412" lane="175354957#0_0" roadsideCapacity="10" startPos="27.20" endPos="37.20"/>
    <parkingArea id="parkingArea_184956229#0_0_586" lane="184956229#0_0" roadsideCapacity="10" startPos="45.78" endPos="85.78"/>
    <parkingArea id="parkingArea_186400365_0_718" lane="186400365_0" roadsideCapacity="41" startPos="85.85" endPos="167.85"/>
    <parkingArea id="parkingArea_186400366#12_0_864" lane="186400366#12_0" roadsideCapacity="9" startPos="16.13" endPos="34.13"/>
    <parkingArea id="parkingArea_186400366#1_0_879" lane="186400366#1_0" roadsideCapacity="17" startPos="15.79" endPos="49.79"/>
    <parkingArea id="parkingArea_186400366#2_0_859" lane="186400366#2_0" roadsideCapacity="29" startPos="37.87" endPos="124.87"/>
    <parkingArea id="parkingArea_186400366#8_0_860" lane="186400366#8_0" roadsideCapacity="3" startPos="11.37" endPos="14.37"/>
    <parkingArea id="parkingArea_186400366#9_0_863" lane="186400366#9_0" roadsideCapacity="26" startPos="28.03" endPos="106.03"/>
    <parkingArea id="parkingArea_191296172#0_0_955" lane="191296172#0_0" roadsideCapacity="13" startPos="81.61" endPos="120.61"/>
    <parkingArea id="parkingArea_191296172#1_0_951" lane="191296172#1_0" roadsideCapacity="19" startPos="36.14" endPos="81.14"/>
    <parkingArea id="parkingArea_196831109#2_0_196" lane="196831109#2_0" roadsideCapacity="38" startPos="43.96" endPos="119.96"/>
    <parkingArea id="parkingArea_196831123#1_0_222" lane="196831123#1_0" roadsideCapacity="15" startPos="27.53" endPos="87.53"/>
    <parkingArea id="parkingArea_196831123#2_0_220" lane="196831123#2_0" roadsideCapacity="17" startPos="27.71" endPos="95.71"/>
    <parkingArea id="parkingArea_206662304#0_0_1330" lane="206662304#0_0" roadsideCapacity="15" startPos="58.47" endPos="103.47"/>
    <parkingArea id="parkingArea_206662304#10_0_1245" lane="206662304#9_0" roadsideCapacity="8" startPos="83.49" endPos="123.49"/>
    <parkingArea id="parkingArea_206662304#13_0_660" lane="206662304#13_0" roadsideCapacity="22" startPos="145.55" endPos="211.55"/>
    <parkingArea id="parkingArea_206662304#4_0_1314" lane="206662304#4_0" roadsideCapacity="15" startPos="35.80" endPos="95.80"/>
    <parkingArea id="parkingArea_206662304#5_0_1296" lane="206662304#5_0" roadsideCapacity="11" startPos="59.79" endPos="92.79"/>
    <parkingArea id="parkingArea_206662304#7_0_1241" lane="206662304#7_0" roadsideCapacity="10" startPos="38.92" endPos="88.92"/>
    <parkingArea id="parkingArea_206662304#9_0_1243" lane="206662304#9_0" roadsideCapacity="4" startPos="30.63" endPos="46.63"/>
    <parkingArea id="parkingArea_206679802#3_0_1252" lane="206679802#2_0" roadsideCapacity="10" startPos="70.80" endPos="100.80"/>
    <parkingArea id="parkingArea_206679802#4_0_658" lane="206679802#4_0" roadsideCapacity="28" startPos="85.36" endPos="169.36"/>

</additional>